keep	question_id	topic_sim	orig_type	question	src_gold(참고: 이 답이 지문에 없어야 함)	context_head	검수사유
O	natua_numeric_reasoning_numeric-91ea7702-6ee2-4889-bc56-73736b2faf00	0.1111	numeric_reasoning	현대오일뱅크의 1분기 연결기준 영업이익은 매출액 대비 몇 %인가?	2일 현대오일뱅크는 1분기 연결기준 영업이익 1008억원을 기록, 직전 분기 대비 2761억원 개선되며 흑자	KT는 지난해 연결기준 영업이익이 1조6718억2432만원으로 전년대비 41.2% 증가했다고 9일 공시했다. 같은 기간 매출액은 24조8980억513만원으로 4.1% 늘어난 것으로 나타났다. 당기순이익은 1조4593억9519만원으로 107.5% 증가한 것으로 집계됐다.	문서클래스 일치·전문 확인상 답 부재 (③수치검증 통과)
O	natua_numeric_reasoning_numeric-611f3870-f007-4e96-89c7-d8882a3bdbcb	0.1099	numeric_reasoning	13일 오전 9시 43분 현재 코스닥시장에서 에코프로에이치엔의 주가는 모회사인 에코프로 대비 몇 퍼센트 높게 거래되고 있는가?	76.13%	국고채 금리가 5~10년물을 중심으로 장 초반 소폭 내림세를 보이고 있다. 3일 코스콤에 따르면 이날 오전 9시 40분 현재 국고채 10년물 지표 종목인 국고20-9는 연 1.962%의 수익률을 나타내고 있다. 전날보다 0.8bp(1bp=0.01%) 내렸다. 5년물 지표 종목인 국고20-6도 전 거래일 대비 1.4bp 내린 1.443%을 기록 중이다. 국고	문서클래스 일치·전문 확인상 답 부재 (③수치검증 통과)
X	natua_numeric_reasoning_numeric-ddbc539a-b471-4f85-8238-7f00a7ac04a9	0.0962	numeric_reasoning	한국예탁거래원이 집계한 상반기 1년 미만 단기사채 발행 금액이 78조 2000억 원으로 전년 대비 3.2% 감소한 업종은 무엇인가?	카드·캐피탈 등 기타 금융회사	대덕전자 주가가 상승 중이다. 25일 한국거래소에 따르면 대덕전자는 이날 오전 10시 24분 기준 전 거래일 대비 2050원 (8.93%) 오른 2만5000원에 거래 중이다. 지난 23일 대덕전자는 지난해 연결기준 영업이익이 718억6713만원으로 전년 동기 대비 2580.5% 증가했다고 공시했다. 같은 기간 매출액은 1조9억2809만원으로 61.3% 늘어	분야 상이
O	natua_numeric_reasoning_numeric-d763d254-cfcf-4461-9c64-8a5b0db265a8	0.0896	numeric_reasoning	8일의 전날 유가증권시장에서 SK바이오팜은 장중 고가보다 얼마 하락한 가격에 거래를 마쳤는가?	53000원	코스피가 6일 상승세로 출발해 장중 2160선을 넘었다. 이날 오전 9시 13분 현재 코스피 지수는 전 거래일보다 12.16포인트(0.56%) 오른 2164.57를 가리켰다. 지수는 전장보다 6.54포인트(0.30%) 오른 2158.95로 출발해 상승세를 유지하고 있다. 유가증권시장에서 개인과 기관이 각각 1066억원, 461억원어치 주식을 사들이고 있다.	문서클래스 일치·전문 확인상 답 부재 (③수치검증 통과)
X	natua_numeric_reasoning_numeric-711df0f9-ba7e-48ac-afb1-8b8c188f62c9	0.0891	numeric_reasoning	이 시각 현재 코스피 지수를 기준으로 전일 코스피 지수는 얼마인가?	이 시각 현재 코스피 지수는 어제보다 7.58포인트 하락한 2101.17 포인트를 코스닥 지수는 3.08포인	코스피가 6일 상승세로 출발해 장중 2160선을 넘었다. 이날 오전 9시 13분 현재 코스피 지수는 전 거래일보다 12.16포인트(0.56%) 오른 2164.57를 가리켰다. 지수는 전장보다 6.54포인트(0.30%) 오른 2158.95로 출발해 상승세를 유지하고 있다. 유가증권시장에서 개인과 기관이 각각 1066억원, 461억원어치 주식을 사들이고 있다.	표면어/지시어 함정
O	natua_numeric_reasoning_numeric-0b418e46-53b6-4c94-a19b-5c11bbe63705	0.0884	numeric_reasoning	18일 코스피에서 현대건설과 대림산업 중 전 거래일 대비 하락률이 더 높은 것은 어디인가?	현대건설	게임기대주 크래프톤이 새해들어 주가 하락률 1위라는 불명예를 안았다. 크래프톤은 지난달 광주 대형 붕괴 사고를 낸 HDC현대산업개발보다 더 큰 하락폭을 보였다. 2일 한국거래소에 따르면 코스피에서 크래프톤 주가는 지난해 말 46만원에서 지난달 28일 27만4500원으로 새해들어 40.33%(18만5500원) 하락했다. 코스피 전 종목 가운데 지난 1월 하락	문서클래스 일치·전문 확인상 답 부재 (③수치검증 통과)
O	natua_numeric_reasoning_numeric-06f3fb76-2290-4ba1-99f6-cbe94335f569	0.0826	numeric_reasoning	14일 한국거래소에 따르면 삼성전자의 주식 첫 개장일의 종가는 전일 종가보다 얼마 높은가?	14일 한국거래소에 따르면 IT 업종 1등주 삼성전자의 올해 주가 상승률(1월4일 종가와 7월13일 종가 기	대덕전자 주가가 상승 중이다. 25일 한국거래소에 따르면 대덕전자는 이날 오전 10시 24분 기준 전 거래일 대비 2050원 (8.93%) 오른 2만5000원에 거래 중이다. 지난 23일 대덕전자는 지난해 연결기준 영업이익이 718억6713만원으로 전년 동기 대비 2580.5% 증가했다고 공시했다. 같은 기간 매출액은 1조9억2809만원으로 61.3% 늘어	문서클래스 일치·전문 확인상 답 부재 (③수치검증 통과)
X	natua_yes_no_finance-6794159	0.0805	yes_no	믿을 수 있는 금융안정 측정 지표를 만들어서 금융안정을 위한 정책 방향을 정확하게 설정할 필요성이 있어	Yes	□ 시사점 ◦ 우리나라도 싱가포르의 정책 사례를 참고하여 ① 스마트폰 애플리케이션을 활용한 서비스 도입 등 여객운송 산업에서 지금까지 나타난 변화에 대응하고 자율주행자동차의 등장 등 앞으로 다가올 더 큰 변화에 효과적으로 대응할 수 있도록 새로운 여객운송 정책 체계를 마련하고 ② 그 과정에서 정책 당사자의 소통과 협력을 통하여 정책 수립의 효율성 및 신뢰성	분야 상이
X	natua_numeric_reasoning_numeric-9f704dbf-5f8d-4765-9df3-2f797ab90fcb	0.0792	numeric_reasoning	대신증권에서 국내 상장주식 거래 고객을 대상으로 9월 17일까지 진행하는 국내주식 거래 이벤트는 무엇인가?	매일매일 주식거래	종합미디어 업체 제이콘텐트리는 주식 10주를 1주로 합치는 액면병합을 진행한다고 9일 공시했다. 적정 주식수 유지를 통한 기업가치 제고와 주가 안정을 위해서다. 주당 액면가는 기존 500원에서 5000원이 되고 발행주식수는 1억4406만8982주에서 1440만6898주로 10분의 1 규모로 줄어든다. 주식 병합으로 인한 거래정지 기간은 오는 7월18일에서 	분야 상이
O	natua_numeric_reasoning_numeric-cce4ddb2-ba18-4381-ae7c-6f731af89110	0.0755	numeric_reasoning	지난 20~21일 진행된 기관 대상 수요예측에서 카카오뱅크는 상장 후 예상 시가총액을 얼마 수준으로 확정했는가?	약 19조5289억원	카카오뱅크(323410)가 현대차를 누르고 코스피 시가총액 9위 기업의 자리를 꿰찼다. 20일 한국거래소에 따르면 오전 9시 50분 기준 카카오뱅크는 전거래일 대비 1.30% 오른 9만 3,200원에 거래되고 있다. 시가총액은 44조 2,793억 원으로 불어 현대차(43조 9,088억원)를 제치고 코스피 시가총액 상위 9위 자리로 올라섰다. 현대차는 전거래	문서클래스 일치·전문 확인상 답 부재 (③수치검증 통과)
X	natua_numeric_reasoning_numeric-cb037960-3de8-4d92-8265-080297381e1b	0.0754	numeric_reasoning	5월 고위 공직자 재산 수시 공개 자료에 따르면 강민석 청와대 대변인의 예금 재산 중에서 본인과 배우자 중 더 많은 예금을 보유한 사람은 누구인가?	배우자	모아저축은행은 4000만원대 보이스피싱 사고를 예방해 지난 19일 인천 미추홀 경찰서로부터 감사장을 받았다고 이날 밝혔다. 모아저축은행에 따르면 지난 11일 현장 지점에서 근무 중이던 주임직원이 4000만원 상당의 정기예금을 해지해 전액 현금으로 지급해달라는 60대 고객의 요청을 저지했다. 해당 직원은 고객이 고액현금 출금을 요청하면서 일부 항목 작성 시 	분야 상이
O	natua_text_span_finance-7189738	0.0753	text_span	연안관리법에 마련되는 법적 기반에 따라 국가는 전문기관에 무엇을 위탁할 수 있게 돼	연안기본조사	가맹사업 진흥에 관한 법률 시행령 일부개정령(안) 입법예고 1. 개정이유 가맹사업 진흥에 관한 법률이 개정됨에 따라 그 후속조치로 대통령령에서 정하고 있는 가맹사업 실태조사 주기를 법과 동일하게 2년으로 변경하고, 법에서 신설된 가맹사업 해외진출 지원 정보체계 구축과 관련해 법에서 대통령령으로 위임한 사항을 규정하고, 정보체계 구축운영에 관한 업무를 위탁할	문서클래스 일치·전문 확인상 답 부재 (③수치검증 통과)
O	natua_numeric_reasoning_numeric-1a263728-70d4-49bb-9d3b-0633641a5bc7	0.0742	numeric_reasoning	1일 일본의 수출 규제 2년을 계기로 소부장 경쟁력 강화 2년 성과를 발표한 기관은 어디인가?	산업통상자원부	한일 무역 갈등의 여파 속에 일본이 지난달 우리나라와의 무역에서 벌어들인 돈이 전년 같은 기간에 비해 25% 넘게 줄어든 것으로 나타났습니다. 일본 재무성이 오늘 발표한 9월 무역통계에 따르면 지난달 우리나라에 대한 수출은 4천 27억 엔으로 지난해 같은 기간보다 15.9% 줄었습니다. 반면, 수입은 8.9% 감소한 2천 513억 엔을 기록해, 무역수지 흑	문서클래스 일치·전문 확인상 답 부재 (③수치검증 통과)
X	natua_numeric_reasoning_numeric-8a9ba6f4-b3f6-4868-9c38-0f07ba3a195f	0.0733	numeric_reasoning	7월이 아직 절반밖에 지나지 않은 시점에서 상위 30개 종목 중 ETF에 이달에만 몰린 국내투자자들의 순매수 금액은 지난달 수준보다 몇 달러가 많은가?	13010000달러($)	이는 최근 심해진 구직난에 희망하는 연봉 수준보다 낮은 연봉을 받더라도 우선 입사해 경력을 쌓고, 이직 시 몸값을 올리는 것이 낫다고 판단하는 구직자들이 많기 때문인 것으로 풀이된다. 그렇다면, 구직자들이 꿈꾸는 '꿈의 연봉'은 얼마일까. 일생 중 연봉이 가장 많을 때를 기준으로, 받고 싶은 금액은 평균 9549만 원으로 조사됐다. 이 역시 남성(1억134	분야 상이
X	natua_text_span_finance-7189737	0.0731	text_span	변경되는 연안관리법에 갖춰지는 법률적 근거로 인해 전문기관이 국가로부터 수탁할 수 있게 되는 건 뭐야	연안기본조사	가맹사업 진흥에 관한 법률 시행령 일부개정령(안) 입법예고 1. 개정이유 가맹사업 진흥에 관한 법률이 개정됨에 따라 그 후속조치로 대통령령에서 정하고 있는 가맹사업 실태조사 주기를 법과 동일하게 2년으로 변경하고, 법에서 신설된 가맹사업 해외진출 지원 정보체계 구축과 관련해 법에서 대통령령으로 위임한 사항을 규정하고, 정보체계 구축운영에 관한 업무를 위탁할	중복 질문 — 대표 1건 유지
X	natua_text_span_finance-6380337	0.07	text_span	영국의 경우 어디에서 해외에 있는 현충시설의 관리를 담당하고 있어	영연방전쟁묘지위원회	(2) 개발대상도서의 지원 범위 확대 지속가능한 도서지역의 관리를 위해 개발대상도서의 범위를 확대하는 방안이다. 현행 「도서개발 촉진법」과 동 법 시행령에 따라 도서가 육지와 연결되어 10년이 지났을 경우에 정부지원에서 제외하고 있으나, 연륙 이후 10년이 경과해도 여전히 지방재정과 개발수준이 열악한 도서가 많아서 규제완화 방안이 요구된다. 또한 도서인구가	주제 접점 부족
O	natua_numeric_reasoning_numeric-57936ceb-ef0d-4396-81d2-51f8f974ba2f	0.0699	numeric_reasoning	6일 증시에 상장한 카카오뱅크에 외국인과 기관 투자자가 10 거래일 동안 카카오뱅크를 매수한 총금액은 얼마인가?	800600000000원	대덕전자 주가가 상승 중이다. 25일 한국거래소에 따르면 대덕전자는 이날 오전 10시 24분 기준 전 거래일 대비 2050원 (8.93%) 오른 2만5000원에 거래 중이다. 지난 23일 대덕전자는 지난해 연결기준 영업이익이 718억6713만원으로 전년 동기 대비 2580.5% 증가했다고 공시했다. 같은 기간 매출액은 1조9억2809만원으로 61.3% 늘어	문서클래스 일치·전문 확인상 답 부재 (③수치검증 통과)
X	natua_text_span_finance-6817438	0.0699	text_span	어떤 방식으로 경제 주체가 규칙을 위반했을 경우 처벌 받는 정도를 예측할 수 있어	경제 관련 법령에서 금지 조항과 처벌 조항의 관계를 정비	경찰공무원 승진임용 규정 시행규칙 일부개정령(안) 입법예고 1. 개정이유 자치경찰제 시행(’21. 1. 1.)으로 자치경찰사무 담당 경찰공무원에 대한 임용권이 시·도지사, 시·도자치경찰위원회, 시·도경찰청장에게 위임됨. 시·도지사, 시·도경찰청장이 표창을 수여할 경우 상점을 3점으로 규정하고 있으나, 시·도자치경찰위원회에 대해서는 규정되어 있지 않으므로, 	분야 상이
X	natua_numeric_reasoning_numeric-8060868c-4246-4bb2-83ea-44c502b5fb41	0.0678	numeric_reasoning	한국경제연구원의 '코로나19 이후 근로형태 및 노동환경 전망'조사에서, 유연근무제 시행이 매우 긍정적과 부정적 중 응답 비율이 더 높은 대답은 무엇인가?	매우 긍정적	일본의 수출 규제로 한일 갈등이 불거진 이후 기업의 체감 경기와 다음 달 전망이 동반 하락한 것으로 나타났습니다. 한국은행은 이번 달 전체 산업의 기업경기실사지수, BSI가 한 달 전보다 1포인트 하락한 73으로 집계됐다고 밝혔습니다. BSI는 기업 체감 경기 지표로 기준치인 100보다 낮으면 부정적 인식이 많다는 의미입니다. 제조업과 비제조업 모두 한 달	분야 상이
X	natua_numeric_reasoning_numeric-50a47ab0-62df-405d-9a37-3ef155b3b762	0.067	numeric_reasoning	한국예탁결제원에 따르면 올해 상반기 주식매수 청구대금이 두 번째로 많았던 곳은 어디인가?	원익아이피에스	대덕전자 주가가 상승 중이다. 25일 한국거래소에 따르면 대덕전자는 이날 오전 10시 24분 기준 전 거래일 대비 2050원 (8.93%) 오른 2만5000원에 거래 중이다. 지난 23일 대덕전자는 지난해 연결기준 영업이익이 718억6713만원으로 전년 동기 대비 2580.5% 증가했다고 공시했다. 같은 기간 매출액은 1조9억2809만원으로 61.3% 늘어	분야 상이
X	natua_text_span_finance-7014626	0.067	text_span	누구의 허락이 있어야 국적 선택 기간이 경과되었을 때에도 국적 이탈을 할 수 있어	법무부장관	(2) 영화 VOD 시장 성장의 의미 VOD 등 영화 부가시장의 성장은 제작·배급·상영 등 영화산업 가치사슬의 각 단계에 상당한 파급효과를 가져올 것으로 기대된다. 먼저, 부가시장의 수익은 영화 선진국에 비해 낮은 제작비로 고품질의 영화를 제작하고 있는 국내 영화제작업의 실정을 감안하면, 우수 제작인력의 이탈을 방지하고 흑자 기조를 유지하면서 집행할 수 있	분야 상이
X	natua_numeric_reasoning_numeric-b4ef8adf-49da-4ea7-ada8-38d666f8886a	0.0669	numeric_reasoning	이 날 코스피 시장에서 6%이상 하락한 종목은 무엇인가?	삼성바이오로직스	코스피가 6일 상승세로 출발해 장중 2160선을 넘었다. 이날 오전 9시 13분 현재 코스피 지수는 전 거래일보다 12.16포인트(0.56%) 오른 2164.57를 가리켰다. 지수는 전장보다 6.54포인트(0.30%) 오른 2158.95로 출발해 상승세를 유지하고 있다. 유가증권시장에서 개인과 기관이 각각 1066억원, 461억원어치 주식을 사들이고 있다.	표면어/지시어 함정
X	natua_text_span_finance-7016568	0.0669	text_span	산림청과 그 소속기관 직제 시행규칙 변경에 따라 지방산림청 운전직렬 직원이 이동하게 된 직군은 뭐야	행정·임업직렬	지진·화산재해대책법 시행규칙 일부개정령(안) 입법예고 1. 개정이유 「지진·화산재해대책법」이 개정됨에 따라 시행규칙상 지진재해의 예방·대비 업무주체를 변경하려는 것임 2. 주요내용 ○ 주민대피지구의 지정 및 해제 등 이 규칙에서 규정하고 있는 지진ㆍ화산으로 인한 재해의 예방ㆍ대비 관련 업무의 주체를 중앙재난안전대책본부의 본부장 또는 지역재난안전대책본부의 본	중복 질문 — 대표 1건 유지
X	natua_yes_no_finance-6390533	0.0667	yes_no	구성원들한테 교장공모제를 도입할지에 대한 선택권을 제공하는 건 정책의 의도인 학교자율화와 맞지 않아	No	(2) 대규모 PHCB사업자 면허 의무화 등 면허 체계 개편 □ 차량과 사업 종류에 따른 기존의 면허 체계를 제공하는 서비스에 따른 새로운 면허 체계로 개편하고, 기존에는 관련 면허 제도가 없어 면허 취득 의무가 없었던 PHCB사업자 중 플랫폼에 등록된 차량이 800대 이상인 대규모 PHCB사업자에게도 해당 영업면허 취득을 의무화함 ○ 기존에는 택시운영사업	분야 상이
X	natua_numeric_reasoning_numeric-676cff7b-8765-4a30-81cc-65d0f083b16d	0.0665	numeric_reasoning	10일 미국 하원에서 코로나19 확산에 대처하는 경기부양안 투표에서 찬성한 의원은 반대한 의원 대비 몇 퍼센트인가?	104.27%	지난해 코로나19 사태에 따른 교역 위축에도 중국의 한국제품 수입은 거의 타격이 없었던 것으로 나타났다. 국내 수출을 견인하는 반도체를 비롯해 화장품, 마스크, 의류 등 소비재의 대(對) 한국 수입이 호조를 보이며 전체 감소율을 일부 방어한 결과로 풀이된다. 14일 코트라(KOTRA)에 따르면 지난해 중국의 대한국 수입액은 1735억달러로 전년 대비 0.0	분야 상이
X	natua_yes_no_finance-7020359	0.0655	yes_no	소액인 경우 불복청구 심의절차를 쉽게 변경할 수 있는 건 납세자의 권익을 높여주려는 거지	Yes	□ 소규모 사업자 외에 면허를 받아야 하는 사업자는 육상교통청에 통행 및 운전자 관련 자료를 제출하여 야 하며, 육상교통청은 위반행위나 안전사고에 관한 사업자의 보고 의무와 조치 방안 등을 포함한 사업자 준수규범을 마련할 수 있음 □ 육상교통청은 결함이 있거나 위험성이 있는 자동차 모델의 사용을 금지하는 등 필요한 경우 모든 사업자(면허가 불필요한 소규모 	분야 상이
X	natua_numeric_reasoning_numeric-608c9b4c-b8d5-4908-8d4a-f07cd0baf53e	0.0652	numeric_reasoning	대치동 래미안대치팰리스 1단지 전용면적 84㎡의 지난 10일 거래가는 지난달 27일 거래가 대비 몇 %인가?	101.96%	대덕전자 주가가 상승 중이다. 25일 한국거래소에 따르면 대덕전자는 이날 오전 10시 24분 기준 전 거래일 대비 2050원 (8.93%) 오른 2만5000원에 거래 중이다. 지난 23일 대덕전자는 지난해 연결기준 영업이익이 718억6713만원으로 전년 동기 대비 2580.5% 증가했다고 공시했다. 같은 기간 매출액은 1조9억2809만원으로 61.3% 늘어	분야 상이
X	natua_text_span_finance-6380188	0.0652	text_span	영화를 배급하는 방식이 다양해짐에 따라 영화와 관련된 어떤 사업에 대한 정의가 추가로 필요해	온라인영화서비스업	(2) 개발대상도서의 지원 범위 확대 지속가능한 도서지역의 관리를 위해 개발대상도서의 범위를 확대하는 방안이다. 현행 「도서개발 촉진법」과 동 법 시행령에 따라 도서가 육지와 연결되어 10년이 지났을 경우에 정부지원에서 제외하고 있으나, 연륙 이후 10년이 경과해도 여전히 지방재정과 개발수준이 열악한 도서가 많아서 규제완화 방안이 요구된다. 또한 도서인구가	중복 질문 — 대표 1건 유지
X	natua_yes_no_finance-6794172	0.0652	yes_no	금융 시스템의 인프라와 연관된 안전성에 대한 조언을 영란은행은 재무부 장관을 통해 받고 있지	Yes	□ 소규모 사업자 외에 면허를 받아야 하는 사업자는 육상교통청에 통행 및 운전자 관련 자료를 제출하여 야 하며, 육상교통청은 위반행위나 안전사고에 관한 사업자의 보고 의무와 조치 방안 등을 포함한 사업자 준수규범을 마련할 수 있음 □ 육상교통청은 결함이 있거나 위험성이 있는 자동차 모델의 사용을 금지하는 등 필요한 경우 모든 사업자(면허가 불필요한 소규모 	분야 상이
O	natua_numeric_reasoning_numeric-e4c0fc02-df78-45d6-ab7f-a6996a091aba	0.0651	numeric_reasoning	2021년 회계연도에 쿡 CEO는 주식보상과 성과급을 합하여 애플로부터 총 얼마의 보수를 얻었는가?	94300000달러($)	이재현 CJ그룹 회장이 지난해 그룹의 대표 기업인 CJ제일제당에서 28억여원의 보수를 받은 것으로 나타났다. CJ제일제당은 18일 사업보고서를 통해 이 회장이 지난해 26억9200만원의 급여와 1억800만원의 상여를 받았다고 공시했다. CJ제일제당은 "이사회 승인을 받은 임원 규칙에 따라 역할 책임의 크기, 회사 기여도 등을 종합적으로 고려했다"고 설명했다	문서클래스 일치·전문 확인상 답 부재 (③수치검증 통과)
X	natua_numeric_reasoning_numeric-41e4476f-22eb-49e7-a19f-5e27b4d96177	0.0638	numeric_reasoning	국내 대기업 전체 오너 일가 중 겸직 수가 가장 많은 경우는 최승석 SM그룹 부회장과 이중근 부영 회장 중 누가 더 많은가?	최승석 SM그룹 부회장	일본의 수출 규제로 한일 갈등이 불거진 이후 기업의 체감 경기와 다음 달 전망이 동반 하락한 것으로 나타났습니다. 한국은행은 이번 달 전체 산업의 기업경기실사지수, BSI가 한 달 전보다 1포인트 하락한 73으로 집계됐다고 밝혔습니다. BSI는 기업 체감 경기 지표로 기준치인 100보다 낮으면 부정적 인식이 많다는 의미입니다. 제조업과 비제조업 모두 한 달	분야 상이
X	natua_numeric_reasoning_numeric-c8fc4874-a4d6-49c5-96f6-7292b357f93c	0.0633	numeric_reasoning	국토교통부 실거래가 기준으로 '세종 더샵 센트럴시티'의 2019년 4월 거래가는 2016년 4월 거래가에 비해 얼마나 상승했는가?	정부세종청사가 위치한 어진동에 들어선 '세종 더샵 센트럴시티' 전용 84㎡가 국토교통부 실거래가 기준 201	대덕전자 주가가 상승 중이다. 25일 한국거래소에 따르면 대덕전자는 이날 오전 10시 24분 기준 전 거래일 대비 2050원 (8.93%) 오른 2만5000원에 거래 중이다. 지난 23일 대덕전자는 지난해 연결기준 영업이익이 718억6713만원으로 전년 동기 대비 2580.5% 증가했다고 공시했다. 같은 기간 매출액은 1조9억2809만원으로 61.3% 늘어	중복 질문 — 대표 1건 유지
X	natua_numeric_reasoning_numeric-c931c449-d18f-4c0b-bee6-5e9abe112fce	0.0633	numeric_reasoning	국토교통부 실거래가 기준으로 '세종 더샵 센트럴시티'의 2019년 4월 거래가는 2016년 4월 거래가에 비해 얼마나 상승했는가?	247000000원	대덕전자 주가가 상승 중이다. 25일 한국거래소에 따르면 대덕전자는 이날 오전 10시 24분 기준 전 거래일 대비 2050원 (8.93%) 오른 2만5000원에 거래 중이다. 지난 23일 대덕전자는 지난해 연결기준 영업이익이 718억6713만원으로 전년 동기 대비 2580.5% 증가했다고 공시했다. 같은 기간 매출액은 1조9억2809만원으로 61.3% 늘어	중복 질문 — 대표 1건 유지
O	natua_numeric_reasoning_numeric-3c9157a2-11c3-4b67-8f6c-630a031eda3e	0.0632	numeric_reasoning	2012년 대한시멘트 인수를 시작으로 2016년 쌍용양회까지 손에 거머쥐면서 자산규모 3조 5,000억 원에 육박하는 시멘트 회사는 어디인가?	한앤컴퍼니	카카오뱅크(323410)가 현대차를 누르고 코스피 시가총액 9위 기업의 자리를 꿰찼다. 20일 한국거래소에 따르면 오전 9시 50분 기준 카카오뱅크는 전거래일 대비 1.30% 오른 9만 3,200원에 거래되고 있다. 시가총액은 44조 2,793억 원으로 불어 현대차(43조 9,088억원)를 제치고 코스피 시가총액 상위 9위 자리로 올라섰다. 현대차는 전거래	문서클래스 일치·전문 확인상 답 부재 (③수치검증 통과)
X	natua_text_span_finance-7187841	0.0623	text_span	각 시장 및 시도지사와 더불어 지진, 화산 재해 예비 업무의 주체가 되는 부처의 장은 누구야	행정안전부장관	4. 향후 과제 (1) 영화 및 영화산업 정의의 확장 영화 부가시장의 패러다임 변화에 발맞추어 관련 법률의 ‘영화’ 및 ‘영화산업’의 정의에 대한 재검토가 필요하다. 현행 「영화 및 비디오물의 진흥에 관한 법률」의 ‘영화’의 정의는 영화의 온라인 유통 현상을 포섭하고 있지 않고, 유통 플랫폼을 영화상영관 등의 장소로 한정하고 있기 때문에, 이에 대한 보완이	분야 상이
O	natua_yes_no_finance-6477455	0.0623	yes_no	추계방법이나 이용자료의 차이로 국민소득은 통계상으로 볼 때 일치하지 않을 수도 있어	Yes	□ 경기도 청년층의 경제활동참가율은 44.6%, 고용율은 41.3%로서 전국 평균(43.2%, 39.7%)보다는 다소 높은 수준임 ○ 2013년 현재 경기도 전체 경제활동인구는 6,172천명이며 고용률은 60.0%를 기록 – 30대에서 50대까지 중장년층의 고용률은 모두 70%를 상회하여 청년층 고용률과 큰 차이를 나타냄 ○ 청년층을 제외한 30대 이상이 	문서클래스 일치·전문 확인상 답 부재 (③수치검증 통과)
X	natua_text_span_finance-7450860	0.0615	text_span	어느 나라에서 스마트그리드의 중심 기술로 발전기 제어기술을 지목해 논의하고 있어	미국 등	5. 나가며 당초 정부는 여성인력 증가에 따른 일과 삶의 균형을 통한 생산성 제고, 긴 노동시간 대비 낮은 생산성을 해결하기 위한 근무방식 선진화 등을 위해 공공부문에서 선제적으로 스마트워크센터를 도입하고 이를 민간부문으로 확산하고자 하였다. 이와 관련하여 현재 국회에는 공공부문뿐만 아니라 민간부문에서의 스마트워크센터 활용을 촉진하기 위한 「스마트워크 촉진	표면어/지시어 함정
O	natua_numeric_reasoning_numeric-b3e7ea45-bd2e-4e51-98df-596bfb6fe009	0.0612	numeric_reasoning	올 들어 서울 아파트의 평균 청약 경쟁률이 99.3대1로 집계되었다고 15일 발표한 부동산정보업체는 어디인가?	부동산114	수도권에 지식산업센터 분양 바람이 불고 있다. 서울 도심 오피스 못지않은 시설과 세금 감면 등 서울 도심의 치솟는 임대료에 비해 상대적으로 저렴하게 사옥 마련이 가능해서다. 한국감정원 통계에 따르면 서울의 지난해 4분기 오피스(3층부터 최고층까지 평균) ㎡당 평균 임대료는 2만2400원이었다. 반면 경기도의 ㎡당 평균 임대료는 1만2400원으로 서울에 비해	문서클래스 일치·전문 확인상 답 부재 (③수치검증 통과)
X	natua_yes_no_finance-7212497	0.0602	yes_no	여성의 고용을 늘리는 데 보육료를 지원하는 것이 효과를 보고 있을까	Yes	□ 소규모 사업자 외에 면허를 받아야 하는 사업자는 육상교통청에 통행 및 운전자 관련 자료를 제출하여 야 하며, 육상교통청은 위반행위나 안전사고에 관한 사업자의 보고 의무와 조치 방안 등을 포함한 사업자 준수규범을 마련할 수 있음 □ 육상교통청은 결함이 있거나 위험성이 있는 자동차 모델의 사용을 금지하는 등 필요한 경우 모든 사업자(면허가 불필요한 소규모 	분야 상이
X	natua_numeric_reasoning_numeric-ddc3a173-d37f-4152-8a27-a32f19eae36f	0.06	numeric_reasoning	지난 일주일 동안 NCT 127의 국가별 유튜브 조회수가 전제 조회수의 20% 이상을 차지하는 나라는 어디인가?	인도네시아	코로나19 여파에도 개별소비세와 신차 효과로 수입차의 국내 질주는 계속됐다. 미국 전기차 업체 테슬라는 국내 시장에 진출한 이래로 역대 최고 실적을 기록했다. 3일 테슬라코리아에 따르면 테슬라의 6월 신차 등록대수는 2827대로, 전달보다 무려 1천497% 증가했다. 모델3가 테슬라 실적을 견인했다. 카이즈유 데이터 연구소 자료에 따르면 모델3는 2812대	분야 상이
X	natua_yes_no_finance-7212484	0.0599	yes_no	보육료 지원이 여성의 고용을 발전시킬 수 있는 효율적인 방법일까	Yes	□ 소규모 사업자 외에 면허를 받아야 하는 사업자는 육상교통청에 통행 및 운전자 관련 자료를 제출하여 야 하며, 육상교통청은 위반행위나 안전사고에 관한 사업자의 보고 의무와 조치 방안 등을 포함한 사업자 준수규범을 마련할 수 있음 □ 육상교통청은 결함이 있거나 위험성이 있는 자동차 모델의 사용을 금지하는 등 필요한 경우 모든 사업자(면허가 불필요한 소규모 	분야 상이
X	natua_text_span_finance-7180727	0.0593	text_span	식품이 안전한지 알아보기 위해 대면할 수 없는 상황을 고려하여 비대면 조사에 도입하려는 것은 뭐야	원격화상통신	5. 나가며 당초 정부는 여성인력 증가에 따른 일과 삶의 균형을 통한 생산성 제고, 긴 노동시간 대비 낮은 생산성을 해결하기 위한 근무방식 선진화 등을 위해 공공부문에서 선제적으로 스마트워크센터를 도입하고 이를 민간부문으로 확산하고자 하였다. 이와 관련하여 현재 국회에는 공공부문뿐만 아니라 민간부문에서의 스마트워크센터 활용을 촉진하기 위한 「스마트워크 촉진	분야 상이
O	natua_numeric_reasoning_numeric-8aeb55fd-5552-41ff-9f49-20737d2074ff	0.0592	numeric_reasoning	지난해 애경산업의 화장품 사업과 생활용품 사업의 매출액은 합은 얼마인가?	573900000000원	KT는 지난해 연결기준 영업이익이 1조6718억2432만원으로 전년대비 41.2% 증가했다고 9일 공시했다. 같은 기간 매출액은 24조8980억513만원으로 4.1% 늘어난 것으로 나타났다. 당기순이익은 1조4593억9519만원으로 107.5% 증가한 것으로 집계됐다.	문서클래스 일치·전문 확인상 답 부재 (③수치검증 통과)
X	natua_yes_no_finance-7212479	0.0586	yes_no	통계적으로 보육료 지원이 15세에서 24세 여성의 고용률에 유의한 영향을 미칠까	No	Ⅳ. 보완방안 1. 금융안정에 대한 측정지표 개발, 금융안정 책임에 관한 유관기관과의 MOU체결 및 금융안정협의기구 구성 추진 (1) 금융안정 측정지표 개발 금융안정을 측정하는 신뢰할 수 있는 측정 지표를 개발함으로써 금융안정을 위한 정책 방향 및 법적 책임을 명확하게 설정할 필요가 있다. 즉 금융 안정 측정지표를 개발하여 목표 인플레이션을 정하고 이를 달	분야 상이
X	natua_numeric_reasoning_numeric-413aed64-8af4-4088-a3c8-83f262f20d33	0.0585	numeric_reasoning	20일 정부서울청사에서 열린 재정관리점검회의에 참석한 안도걸 기획재정부 2차관의 말에 의하면 상생소비지원금은 상생국민지원금보다 몇 % 더 적은가?	91.86%	<사진> 이준재 한국투자증권 투자상품본부장이 2일 오전 서울 중구 플라자호텔 4층 메이플 홀에서 열린 '2019 헤럴드경제 자본시장대상' 시상식에서 정지원 한국거래소 이사장으로부터 투자상품대상을 수상하고 있다. 한국투자증권이 2일 오전 서울 중구 플라자호텔 4층 메이플 홀에서 열린 '2019 헤럴드경제 자본시장대상' 시상식에서 투자상품대상을 수상했다. 이준	분야 상이
X	natua_yes_no_finance-7212403	0.0584	yes_no	비정규직 고용문제를 해결하는 것이 수도권의 안정적인 발달에 무조건적으로 필요할까	Yes	(3) 금융안정협의기구 설치 한국은행 및 기획재정부, 금융위원회가 각각 금융 안정 목표와 정책수단을 분담하고 있는 상황이므로 금융 안정이라는 공동의 목표를 달성하기 위하여 각 기관이 참여하는 금융 안정협의기구를 구성하여 설치할 필요가 있다. 금융 안정협의기구는 각 기관의 금융 안정 관련 정보를 교환하고, 정책을 협의하는 기능을 수행하여야 할 것이다. 금융 	분야 상이
O	natua_numeric_reasoning_numeric-e9c24ba9-0aaf-41ff-ab2a-7617fc40278b	0.0577	numeric_reasoning	경기 지역 중 아파트값 하락률이 두 번째로 낮은 지역은 어디인가?	구리	한편 서울 아파트 전셋값 역시 전주보다 0.01% 오르면서 지난해 12월 이후 29주만에 상승 전환됐다. 성북(0.17%), 송파(0.07%), 관악(0.03%), 용산(0.03%) 등이 올랐고 강동(0.15%), 도봉(0.04%), 서대문(0.30%) 등은 하락했다.	문서클래스 일치·전문 확인상 답 부재 (③수치검증 통과)
O	natua_numeric_reasoning_numeric-41bbfb30-1c7b-4b5b-b11e-f4de2cde77ea	0.0573	numeric_reasoning	올해 서울에서 146.8대1의 평균 청약경쟁률을 기록하는 등 제일 경쟁이 치열했던 단지는 어디인가?	마곡지구 9단지	수도권에 지식산업센터 분양 바람이 불고 있다. 서울 도심 오피스 못지않은 시설과 세금 감면 등 서울 도심의 치솟는 임대료에 비해 상대적으로 저렴하게 사옥 마련이 가능해서다. 한국감정원 통계에 따르면 서울의 지난해 4분기 오피스(3층부터 최고층까지 평균) ㎡당 평균 임대료는 2만2400원이었다. 반면 경기도의 ㎡당 평균 임대료는 1만2400원으로 서울에 비해	문서클래스 일치·전문 확인상 답 부재 (③수치검증 통과)
O	natua_text_span_finance-6817468	0.057	text_span	어떤 방식으로 대주주와 거래에서 찾아낸 불법행위 문제를 해결할 수 있어	엄정히 제재	방송통신위원회는 이동통신사업자와 디지털콘텐츠제공업자 간의 수익배분 행위에 대한 사후 규제를 위하여 「전기통신사업법」 제50조(금지행위)에 통신사업자가 디지털 콘텐츠를 제공하기 위한 거래에서 적정한 수익배분을 거부하거나 제한하는 행위에 대하여 규정하고 있다. 그러나 유선포털사업자와 콘텐츠제공업자 간의 관계에서 발생할 수 있는 불공정 행위에 대해서는 현행 법 	문서클래스 일치·전문 확인상 답 부재 (③수치검증 통과)
X	natua_numeric_reasoning_numeric-05653376-79f8-46a5-8583-2e3f237a5d9a	0.0566	numeric_reasoning	24일 최근 글로벌 경제환경 변화에 대한 대응과 정부 및 금융의 역할이라는 심포지엄·학술대회를 개최한 주체는 어디인가?	글로벌금융학회와 금융연구원	경영상 애로사항도 '자금 조달 곤란'이 46.1%(53개사)로 가장 많았고 그 원인으로 '무형자산에 대한 담보 인정이 어려움'(43.9%, 29개사), '서비스 연구·개발(R&D)에 대한 기술평가제도의 부재'(25.8%, 17개사), '제조업에 비해 불리한 대출 관행'(21.2%, 14개사) 등을 꼽았다. 정부 또는 유관기관으로부터 받고 싶은 지원은 '금융	분야 상이
X	natua_yes_no_finance-7212470	0.0558	yes_no	고용보험의 원자료를 통해 임금 노동자들의 상황을 파악할 수 있니	Yes	□ 소규모 사업자 외에 면허를 받아야 하는 사업자는 육상교통청에 통행 및 운전자 관련 자료를 제출하여 야 하며, 육상교통청은 위반행위나 안전사고에 관한 사업자의 보고 의무와 조치 방안 등을 포함한 사업자 준수규범을 마련할 수 있음 □ 육상교통청은 결함이 있거나 위험성이 있는 자동차 모델의 사용을 금지하는 등 필요한 경우 모든 사업자(면허가 불필요한 소규모 	분야 상이
O	natua_numeric_reasoning_numeric-7b5799ba-f07e-4c34-ab4d-451f2fcf6f60	0.0557	numeric_reasoning	커스트인케이스의 설문조사 결과 P2P 보험의 가입 의향이 있는 사람들의 소득분포가 두 번째로 높은 것은 얼마인가?	500만~1000만 엔	인력확보 용이성은 54.6%를 차지해 입주요건 중 전문 인력의 확보를 가장 중요하게 생각하는 것으로 드러났다. 응답기업의 소재지는 총 326개 중 서울이 97개사로 가장 많은 응답을 한 것으로 파악됐다. 인천 75개사, 경기 70개사, 대전·충북·충남 57개사, 대구·부산·경북 17개사, 강원·광주 등 10개사 순으로 응답했다. 또한, 스타트업 창업 시 인	문서클래스 일치·전문 확인상 답 부재 (③수치검증 통과)
X	natua_text_span_finance-6404759	0.0556	text_span	서울시에서 지역별로 집의 면적에 따른 선호도를 추측할 때 어떻게 알 수 있어	주택의 ㎡당 가격을 통해	소나무재선충병 방제특별법 시행규칙 일부개정령(안) 입법예고 1. 개정이유 검인제도 폐지 내용의 「소나무재선충병 방제특별법」이 개정(법률 제16232호, 2019. 1. 15 공포)됨에 따라 검인 관련 내용을 삭제하고 일부 조문을 정비하고자 함 2. 주요내용 가. 소나무류 생산확인을 받으려는 경우에서 검인찍기 내용 삭제(안 제5조) - 소나무류 반출금지구역이	분야 상이
X	natua_text_span_finance-7450882	0.0542	text_span	누가 지능형전력망 정보와 관련된 표준약관을 만들고 관련 사업자에게 권유할 수 있지	산업통상자원부장관	경찰공무원 승진임용 규정 시행규칙 일부개정령(안) 입법예고 1. 개정이유 자치경찰제 시행(’21. 1. 1.)으로 자치경찰사무 담당 경찰공무원에 대한 임용권이 시·도지사, 시·도자치경찰위원회, 시·도경찰청장에게 위임됨. 시·도지사, 시·도경찰청장이 표창을 수여할 경우 상점을 3점으로 규정하고 있으나, 시·도자치경찰위원회에 대해서는 규정되어 있지 않으므로, 	분야 상이
X	natua_numeric_reasoning_numeric-038d8927-3f04-42db-a239-f9bdcc17acd2	0.0541	numeric_reasoning	지금까지 국내에 도입된 코로나19 백신인 아스트라제네카 백신, 화이자 백신 중 어떤 것이 더 많은가?	아스트라제네카 백신	코로나19 여파에도 개별소비세와 신차 효과로 수입차의 국내 질주는 계속됐다. 미국 전기차 업체 테슬라는 국내 시장에 진출한 이래로 역대 최고 실적을 기록했다. 3일 테슬라코리아에 따르면 테슬라의 6월 신차 등록대수는 2827대로, 전달보다 무려 1천497% 증가했다. 모델3가 테슬라 실적을 견인했다. 카이즈유 데이터 연구소 자료에 따르면 모델3는 2812대	분야 상이
X	natua_text_span_finance-7450831	0.0541	text_span	스마트그리드에 대한 정의와 관련된 사업을 구체화하기 위해 어느 나라의 입법규정을 분석했어	미국	5. 나가며 당초 정부는 여성인력 증가에 따른 일과 삶의 균형을 통한 생산성 제고, 긴 노동시간 대비 낮은 생산성을 해결하기 위한 근무방식 선진화 등을 위해 공공부문에서 선제적으로 스마트워크센터를 도입하고 이를 민간부문으로 확산하고자 하였다. 이와 관련하여 현재 국회에는 공공부문뿐만 아니라 민간부문에서의 스마트워크센터 활용을 촉진하기 위한 「스마트워크 촉진	표면어/지시어 함정
X	natua_yes_no_finance-7603711	0.0541	yes_no	정규직이 비정규직에 비해 수도권과 비수도권간의 임금 차이가 더 컸니	Yes	(3) 교육감의 임용권 견제 미비 교과부는 교장공모제를 확대 실시하여 교육감에 집중된 교장인사권을 단위학교로 분산하겠다고 발표하였다. 그러나 현제도는 인사권 분산에 있어 5, 6차 시범적용에 비해 큰 차이가 없다. 교육감이 교육청 심사위원회의 구성에 사실상 영향력을 행사할 수도 있다는 점에서 보면, 학운위 심사에서 상위 2인을 선정하여 추천하던 5차 시범적	분야 상이
O	natua_numeric_reasoning_numeric-80e424e5-3005-4d57-8a58-c9021a473c93	0.054	numeric_reasoning	지난해 최저임금 상승으로 인한 도소매업의 고용 감소율은 제조업의 고용 감소율과 얼마나 차이가 나는가?	0.47퍼센트포인트(%p)	취업자 수가 23개월 연속으로 감소하는 등 대구 고용지표 악화에 끝이 보이지 않고 있다. 1월에 비해 지난달 사정이 나아져 회복세가 시작됐다는 의견도 있지만, 노인 일자리를 위시한 '공공 일자리' 영향이 크다는 분석이 나온다. 17일 동북지방통계청이 발표한 2월 고용동향에 따르면 지난달 대구 고용률은 56.5%로 전년 동월보다 0.3%p 하락했다. 취업자 	문서클래스 일치·전문 확인상 답 부재 (③수치검증 통과)
O	natua_table_lookup_finance-7711691	0.0537	table_lookup	국세에 대한 이의신청 처리건수는 2008년 4602건에서 2012년에 몇 건으로 증가했지	5,165	한편 우리나라의 전자산업기술은 중국보다 2~3년 정도 앞선 것으로 평가되나 반도체설계 및 차세대 컴퓨터 분야에서는 기술격차가 크지 않은 상황이다.  〈표 11〉 우리나라 전자산업의 중국대비 기술우위 <table><tbody><tr><td></td><td>2008</td><td>2014</td><td>2008년 대비 2014 증감</td></tr><tr><t	문서클래스 일치·전문 확인상 답 부재 (③수치검증 통과)
X	natua_yes_no_finance-7021568	0.0536	yes_no	징계를 감경받을 수 없는 대상은 직무태만과 같은 소극행정 행위를 한 사람이지	Yes	□ 소규모 사업자 외에 면허를 받아야 하는 사업자는 육상교통청에 통행 및 운전자 관련 자료를 제출하여 야 하며, 육상교통청은 위반행위나 안전사고에 관한 사업자의 보고 의무와 조치 방안 등을 포함한 사업자 준수규범을 마련할 수 있음 □ 육상교통청은 결함이 있거나 위험성이 있는 자동차 모델의 사용을 금지하는 등 필요한 경우 모든 사업자(면허가 불필요한 소규모 	분야 상이
X	natua_numeric_reasoning_numeric-41e7dbe7-fc76-44ac-8362-a1a9bae7043a	0.0533	numeric_reasoning	지난해 에너지효율 1등급을 받은 에어컨은 전체 에어컨 대비 몇 %인가?	2.26%	KT는 지난해 연결기준 영업이익이 1조6718억2432만원으로 전년대비 41.2% 증가했다고 9일 공시했다. 같은 기간 매출액은 24조8980억513만원으로 4.1% 늘어난 것으로 나타났다. 당기순이익은 1조4593억9519만원으로 107.5% 증가한 것으로 집계됐다.	분야 상이
X	natua_text_span_finance-7450862	0.0531	text_span	EMS는 스마트그리드의 주요 기술로 제대로 가동된다면 무엇을 막을 수 있지	연료비 낭비	(2) 영화 VOD 시장 성장의 의미 VOD 등 영화 부가시장의 성장은 제작·배급·상영 등 영화산업 가치사슬의 각 단계에 상당한 파급효과를 가져올 것으로 기대된다. 먼저, 부가시장의 수익은 영화 선진국에 비해 낮은 제작비로 고품질의 영화를 제작하고 있는 국내 영화제작업의 실정을 감안하면, 우수 제작인력의 이탈을 방지하고 흑자 기조를 유지하면서 집행할 수 있	분야 상이
X	natua_text_span_finance-7450873	0.053	text_span	겸업사업자에게 전기에너지 공급을 허용할 경우 나타날 수 있는 구조적 문제점이 뭐야	불공정한 소득 보전 문제	국적법 일부개정법률안 재입법예고 1. 개정이유 및 주요내용 병역준비역에 편입된 복수국적자에게 국적 선택 기간에 국적 이탈을 신고할 수 없는 정당한 사유가 있는 경우에도 국적 이탈을 할 수 없도록 하는 규정에 대하여 헌법재판소가 헌법불합치결정(헌법재판소 2020. 9. 24. 선고, 2016헌마889)을 함에 따라, 외국에서 출생하여 주된 생활근거가 외국에 	분야 상이
O	natua_numeric_reasoning_numeric-c0acebcf-f68f-429f-b178-ee5cd424964d	0.0526	numeric_reasoning	세아제강지주의 2분기 영업이익에서 세강제강의 2분기 영업이익을 제외한 금액은 얼마인가?	71700000000원	다만 정유와 비정유 부문의 균형 잡힌 포트폴리오를 바탕으로 각 사업 부문이 모두 양호한 성적을 거뒀다. 석유 사업은 1분기 대비 2,856억 원 증가한 2,793억 원의 영업이익을 달성했다. 화학 사업 역시 파라자일렌(PX) 시황 악화에도 2분기 전체 영업이익의 약 37%에 해당하는 1,845억 원의 영업이익을 기록했다. 윤활유사업은 글로벌 마케팅 강화로 	문서클래스 일치·전문 확인상 답 부재 (③수치검증 통과)
X	natua_numeric_reasoning_numeric-aad384de-3a99-410b-8630-f18c3f1b66f2	0.0526	numeric_reasoning	SK텔레콤과 태광산업 중 SK브로드밴드와 티브로드의 합병법인 지분율이 더 많은 기업은 어디인가?	SK텔레콤	일본의 수출 규제로 한일 갈등이 불거진 이후 기업의 체감 경기와 다음 달 전망이 동반 하락한 것으로 나타났습니다. 한국은행은 이번 달 전체 산업의 기업경기실사지수, BSI가 한 달 전보다 1포인트 하락한 73으로 집계됐다고 밝혔습니다. BSI는 기업 체감 경기 지표로 기준치인 100보다 낮으면 부정적 인식이 많다는 의미입니다. 제조업과 비제조업 모두 한 달	분야 상이
O	natua_text_span_finance-7016569	0.0526	text_span	지방산림청의 운전직렬 직원은 산림청과 그 소속기관 직제 시행규칙이 바뀌면 어떤 직군으로 옮겨가게 돼	행정·임업직렬	과학기술정보통신부와 그 소속기관 직제 일부개정령(안) 입법예고 1. 개정이유 및 주요내용 과학기술정보통신부에 연구실 안전관리 강화를 위하여 필요한 인력 2명(6급 1명, 7급 1명)을 증원하고, 인공지능 학습용 데이터 구축사업 등 추진을 위하여 필요한 인력 2명(5급 1명, 6급 1명)을 한시적으로 증원하며, 정보통신 및 정보통신융합 신기술·서비스에 대한 	문서클래스 일치·전문 확인상 답 부재 (③수치검증 통과)
X	natua_numeric_reasoning_numeric-c189d1cf-bbaa-45a6-bf48-fe5ed5098a4a	0.0524	numeric_reasoning	뉴골든브릿지 7호가 보유한 100인승 구명벌의 척수는 60인승 구명정의 척수 대비 몇 % 더 많은가?	100%	압타바이오가 상장 첫날 약세다. 12일 코스닥 시장에 상장한 압타바이오는 시초가를 5만200원에 형성하고 오전 9시8분 현재 이보다 6000원(11.95%) 떨어진 4만4200원에 거래되고 있다. 공모가(3만원)는 웃돈다. 압타바이오는 난치성 항암치료제 2종과 당뇨합병증 치료제 5종 등 7개의 신약 파이프라인을 보유한 바이오 기업이다.	분야 상이
X	natua_numeric_reasoning_numeric-332cebf7-0a7b-40e5-af8a-7cd9e772af3a	0.0522	numeric_reasoning	지난 28일 김진선 메가박스 중앙 대표이사와 허인 KB국민은행장 등이 테이프 커팅식을 진행한 행사는 무엇인가?	서초동종합금융센터 리뉴얼 오픈식	이재현 CJ그룹 회장이 지난해 그룹의 대표 기업인 CJ제일제당에서 28억여원의 보수를 받은 것으로 나타났다. CJ제일제당은 18일 사업보고서를 통해 이 회장이 지난해 26억9200만원의 급여와 1억800만원의 상여를 받았다고 공시했다. CJ제일제당은 "이사회 승인을 받은 임원 규칙에 따라 역할 책임의 크기, 회사 기여도 등을 종합적으로 고려했다"고 설명했다	분야 상이
O	natua_numeric_reasoning_numeric-77d4b382-3607-4aa5-ad3b-ad65ce900966	0.0519	numeric_reasoning	15일 '근로시간 단축에 따른 경제적 영향' 보고서를 발표한 기관이 어디인가?	한국경제연구원한국경제연구원	취업자 수가 23개월 연속으로 감소하는 등 대구 고용지표 악화에 끝이 보이지 않고 있다. 1월에 비해 지난달 사정이 나아져 회복세가 시작됐다는 의견도 있지만, 노인 일자리를 위시한 '공공 일자리' 영향이 크다는 분석이 나온다. 17일 동북지방통계청이 발표한 2월 고용동향에 따르면 지난달 대구 고용률은 56.5%로 전년 동월보다 0.3%p 하락했다. 취업자 	문서클래스 일치·전문 확인상 답 부재 (③수치검증 통과)
X	natua_yes_no_finance-7765751	0.0519	yes_no	2010년의 여성 고용률과 출산율은 경기도에서 다른 지역보다 낮은 수치를 보였니	Yes	□ 제정 배경과 경과 ◦ 싱가포르에서는 기존의 택시 위주 규제 체계로는 승차공유의 등장과 스마트폰을 활용한 예약 서비스 도입 등 지점 간 여객운송(택시+승차공유)의 변화에 대응하기 어렵다는 점이 지적되면서 「지점 간 여객운송사업법 2019」를 제정하고 새로운 규제 프레임워크를 도입함 ◦ 해당 법률은 2019년 8월 싱가포르 국회를 통과하여 2020년 시행을	분야 상이
X	natua_yes_no_finance-7212477	0.0519	yes_no	모든 근로자들이 육아휴직을 사용할 권리를 가지고 있을까	Yes	□ 소규모 사업자 외에 면허를 받아야 하는 사업자는 육상교통청에 통행 및 운전자 관련 자료를 제출하여 야 하며, 육상교통청은 위반행위나 안전사고에 관한 사업자의 보고 의무와 조치 방안 등을 포함한 사업자 준수규범을 마련할 수 있음 □ 육상교통청은 결함이 있거나 위험성이 있는 자동차 모델의 사용을 금지하는 등 필요한 경우 모든 사업자(면허가 불필요한 소규모 	분야 상이
X	natua_numeric_reasoning_numeric-2024241d-c49f-4738-94c1-2b6296907ad0	0.0518	numeric_reasoning	사업자 등록 이후 자본금 15억 원을 유지하지 못하면 등록을 취소하는 방안이 추진되는 업체는 무엇인가?	선불식 할부거래업체	3차 추경 예산안은 유급휴업·휴직수당을 평시의 90%까지 지원하는 기간을 기존 6개월에서 9개월까지 3개월 연장하기로 하고 여기에 5000억 원을 추가 투입했다. 코로나 19사태가 지속되는데 대한 추가 예산 투입 성격이다. 청년층의 주거·금융·일자리·교육 등 애로 해결을 위한 종합패키지 지원 예산도 4000억 원 증액했다. 청년 예산 중 가장 많이 증액된 	분야 상이
X	natua_numeric_reasoning_numeric-f36a4574-d461-41b2-b106-84e1761fec29	0.0518	numeric_reasoning	환매중단 상태인 사모펀드 중 미상환 상태 수량은 전문 사모운용사들이 금융감독원에 제출한 '환매연기 특정사유 발생보고서' 대상인 총 사모펀드 대비 몇 %인가?	92.62%	단위 : 백만원, % “믿을 건 주력 품목뿐이다.” 주요 상위 제약사들이 코로나19 사태에도 '주력 품목'을 앞세워 1분기 실적을 선방하는 데 성공했다. 4일 금융감독원에 따르면, GC녹십자(006280)는 연결재무제표 기준 올해 1분기 영업이익이 61억원을 기록했다. 전년 같은 기간보다 283.9% 증가한 수준이다. 주력 품목인 수두백신과 독감백신 수출이	분야 상이
X	natua_text_span_finance-6492862	0.0517	text_span	팬데믹 이후 무엇으로 인해 경제활동참가율이 여전히 낮고 구직 유인이 떨어지게 됐어	추가 실업급여의 연장 지급	(2) 개발대상도서의 지원 범위 확대 지속가능한 도서지역의 관리를 위해 개발대상도서의 범위를 확대하는 방안이다. 현행 「도서개발 촉진법」과 동 법 시행령에 따라 도서가 육지와 연결되어 10년이 지났을 경우에 정부지원에서 제외하고 있으나, 연륙 이후 10년이 경과해도 여전히 지방재정과 개발수준이 열악한 도서가 많아서 규제완화 방안이 요구된다. 또한 도서인구가	분야 상이
X	natua_yes_no_finance-7212404	0.0515	yes_no	수도권의 안정적인 발달을 위해 비정규직 고용문제를 처리하는 것이 필수적이니	Yes	(3) 금융안정협의기구 설치 한국은행 및 기획재정부, 금융위원회가 각각 금융 안정 목표와 정책수단을 분담하고 있는 상황이므로 금융 안정이라는 공동의 목표를 달성하기 위하여 각 기관이 참여하는 금융 안정협의기구를 구성하여 설치할 필요가 있다. 금융 안정협의기구는 각 기관의 금융 안정 관련 정보를 교환하고, 정책을 협의하는 기능을 수행하여야 할 것이다. 금융 	중복 질문 — 대표 1건 유지
X	natua_text_span_finance-7015592	0.0514	text_span	성능확인검사를 통과한 소화기의 경과연수가 20년 이상이면 얼마나 더 쓸 수 있어	1년씩	(2) 미등록 사적지 관리문제 현충시설은 매년 그 수가 지속적으로 증가하여 2014년말 현재 1,915개소에 이르고 있다. 그러나 2007년부터 2010년까지 4년간에 걸쳐 실시한 현충시설에 대한 실태조사에 의하면, 미등록 국내사적지가 1,666개소에 달하고 있으며, 이 중 332개소는 역사적·교육적으로 매우 중요한 시설로 조사되었다. 이 중 일부 사적지의	분야 상이
X	natua_numeric_reasoning_numeric-487ae309-b8c7-4aa3-816d-3277909e926c	0.0513	numeric_reasoning	미국 자회사 바이럴진은 23일에 전거래일보다 얼마 상승했는가?	6850원	한편 서울 아파트 전셋값 역시 전주보다 0.01% 오르면서 지난해 12월 이후 29주만에 상승 전환됐다. 성북(0.17%), 송파(0.07%), 관악(0.03%), 용산(0.03%) 등이 올랐고 강동(0.15%), 도봉(0.04%), 서대문(0.30%) 등은 하락했다.	분야 상이
X	natua_text_span_finance-7450832	0.0513	text_span	어떤 국가의 입법규정을 벤치마킹해서 스마트그리드를 정의하고 관련 사업을 구체화하려고 했어	미국	(2) 국외 현충시설 관리현황 국외에 산재해 있는 독립운동 관련시설 및 한국전 참전시설에 대한 관리는 해당국가의 지방정부나 민간단체 등이 주관하며 우리의 국가보훈처 및 유관단체 등과의 협조를 통해 보존·관리하고 있다. 특히 중국, 러시아 등 광범위한 지역에 유적이 산재해 있는 국가의 경우에는 현지 유관기관 및 대학 등과 협약을 체결해서 위탁관리하고 있다. 	분야 상이
X	natua_yes_no_finance-6794134	0.0513	yes_no	말레이시아 중앙은행법에는 말레이시아 중앙은행이 관리하는 업무가 기록되어 있니	Yes	(2) 대규모 PHCB사업자 면허 의무화 등 면허 체계 개편 □ 차량과 사업 종류에 따른 기존의 면허 체계를 제공하는 서비스에 따른 새로운 면허 체계로 개편하고, 기존에는 관련 면허 제도가 없어 면허 취득 의무가 없었던 PHCB사업자 중 플랫폼에 등록된 차량이 800대 이상인 대규모 PHCB사업자에게도 해당 영업면허 취득을 의무화함 ○ 기존에는 택시운영사업	분야 상이
X	natua_numeric_reasoning_numeric-db6ff86b-9e19-4eb4-aead-9e1cc48f7fee	0.051	numeric_reasoning	마켓컬리의 상반기 결제추정금액 대비 6월 총 결제추정금액이 차지하는 비중은 몇 %인가?	13일 와이즈앱·와이즈리테일에 따르면 올해 상반기 마켓컬리의 결제추정금액은 6,848억 원으로 조사됐다. 지	올해 상반기에도 증권맨들이 수십억원대 성과급을 챙겨갔다. 과장급이 18억원에 가까운 성과급을 받기도 했고 40억원 넘게 받아간 이사급도 있다. 17일 주요 26개 증권사가 공시한 반기(1~6월) 보고서에 따르면 10억원 이상의 보수지급금액을 챙겨간 증권사 임직원은 총 68명으로 집계됐다. 보수지급액 5억원 이상 가운데 상위 5명의 개인별 보수현황만 따진 만	분야 상이
X	natua_numeric_reasoning_numeric-4e5f1b60-bd56-4f0a-ad05-a00643da2f9f	0.0507	numeric_reasoning	30일 국방부, 환경부, 4대 온라인 중고마켓 등 민·관·군의 열린 협의회는 무엇의 불법 유통을 막기 위해 열렸는가?	군복	농림축산식품부는 농업협동조합, CJ 등 기업들과 함께 농림축산식품 일자리 박람회를 열기로 했다고 22일 밝혔다. 다음 달 1~15일 온라인 개최하는 박람회는 올해로 4년째다. 청년에게 다양한 일자리 정보를 제공하기 위해 기획됐다. 지난해의 경우 126개 기업이 참여해 7233건의 구직자 채용상담을 시행했다. 올해 박람회엔 농촌진흥청, 한국농수산식품유통공사(	분야 상이
X	natua_yes_no_finance-7688692	0.0502	yes_no	다양한 금융안정과 연관된 기능을 실행하는 것을 명시하고 있는 것은 멕시코은행법일까	Yes	(3) 승객과 운전자의 안전 보장 조치 □ 모든 사업자(면허가 불필요한 소규모 사업자 포함)는 해당 차량 운행에 필요한 직업면허를 갖춘 운전자와 보험에 가입하고 차량 검사에 합격한 차량만을 활용하여 직접 차량을 운행하거나 예약을 중개할 수 있으며, 이를 위반하는 사업자에 대해서는 육상교통청이 운전자들에게 그 사업자를 위하여 운전하는 것을 금지할 수 있음 ○	분야 상이
X	natua_numeric_reasoning_numeric-a9cb1eea-ce11-4362-914e-c9af7c43eec7	0.0499	numeric_reasoning	현재 민영주택의 특별공급 비율 43%중 가장 적은 비율을 차지하는 것은 무엇인가?	노부모 부양	이태규 바른미래당 의원. [연합] 상상인 계열 저축은행의 주식담보대출 반대매매가 업계에서 가장 큰 비중을 차지하는 것으로 나타났다. 지난해 국정감사 때도 상상인 계열 저축은행의 고금리 주식담보대출에 대한 문제가 나왔지만, 같은 행태가 지금도 이어지고 있다는 지적도 나온다. 8일 국회 정무위원회 소속 이태규 바른미래당 의원이 금융감독원에서 받은 자료에 따르면	분야 상이
X	natua_numeric_reasoning_numeric-39174d7c-7171-4d7a-9b4e-e2e601671a4c	0.0498	numeric_reasoning	하나금융그룹은 2025까지 K-뉴딜ㆍ혁신금융의 총 공급 목표를 기존의 금액보다 얼마를 더 확대하는가?	23000000000000원	이재현 CJ그룹 회장이 지난해 그룹의 대표 기업인 CJ제일제당에서 28억여원의 보수를 받은 것으로 나타났다. CJ제일제당은 18일 사업보고서를 통해 이 회장이 지난해 26억9200만원의 급여와 1억800만원의 상여를 받았다고 공시했다. CJ제일제당은 "이사회 승인을 받은 임원 규칙에 따라 역할 책임의 크기, 회사 기여도 등을 종합적으로 고려했다"고 설명했다	분야 상이
O	natua_table_lookup_finance-6801097	0.0498	table_lookup	2005년 대비 2013년 기계산업의 증감은 몇 퍼센트야	1.2	□ 감사원의 경우 2013년 기준 총 처리건수는 321건이며, 2012년 대비 총 접수건수는 증가하였으나, 처리건수는 감소하였으며 인용률 또한 전년대비 17%p 하락한 것으로 나타남 (단위: 건, %)  [표 8] 감사원 심사청구 처리 현황 <table><tbody><tr><td colspan="2" rowspan="2">구분</td><td rowspan=	문서클래스 일치·전문 확인상 답 부재 (③수치검증 통과)
O	natua_table_lookup_finance-6801401	0.0497	table_lookup	2013년에 중전기기는 2005년 대비 얼마의 비율로 증감했어	8.8	□ 고충민원 처리건수는 2010년 이후 지속적으로 감소하여 2013년 현재 7,425건으로 이는 전년 대비 1,022건(12.1%) 줄어든 수치이며, 2010년에 비해서는 7,144건(약 49%) 감소한 것임 (단위: 건, 백만 원)  [표 9] 고충민원 처리 현황 <table><tbody><tr><td rowspan="2">구분</td><td colspa	문서클래스 일치·전문 확인상 답 부재 (③수치검증 통과)
X	natua_numeric_reasoning_numeric-433fc65c-f5fa-4273-947d-d011c8cb6b5f	0.0496	numeric_reasoning	14일 오전 서울 여의도 당사에서 주식공매도 감시전담기구를 설치해 불법 공매도를 엄격히 처벌하겠다고 공약한 사람은 누구인가?	국민의힘 윤석열 대선 후보	종합미디어 업체 제이콘텐트리는 주식 10주를 1주로 합치는 액면병합을 진행한다고 9일 공시했다. 적정 주식수 유지를 통한 기업가치 제고와 주가 안정을 위해서다. 주당 액면가는 기존 500원에서 5000원이 되고 발행주식수는 1억4406만8982주에서 1440만6898주로 10분의 1 규모로 줄어든다. 주식 병합으로 인한 거래정지 기간은 오는 7월18일에서 	분야 상이
X	natua_yes_no_finance-7021843	0.0496	yes_no	근로복지공단이 피보험자격 관리 업무를 담당하도록 고용보험법 시행령이 수정되는 거지	Yes	(3) 태국은행법은 금융제도의 안정과 지급시스템 안정을 통화안정과 함께 태국은행의 목적으로 명시하고, 지급시스템의 설치 및 설치의 지원, 금융기관 감독 및 검사, 환율 및 외환준비금 관리 등의 업무를 수행할 수 있음을 규정하고 있다. 태국은행법 제7조 : 태국은행의 목적은 통화안정, 금융제도의 안정 및 지급시스템 안정을 위하여 중앙은행업에 관련 된 업무를 	분야 상이
X	natua_text_span_finance-7450852	0.0495	text_span	어느 기관에서 열효율의 통상적 의미로 발전단 열효율을 사용하고 있어	한국전력공사	(2) 영화 VOD 시장 성장의 의미 VOD 등 영화 부가시장의 성장은 제작·배급·상영 등 영화산업 가치사슬의 각 단계에 상당한 파급효과를 가져올 것으로 기대된다. 먼저, 부가시장의 수익은 영화 선진국에 비해 낮은 제작비로 고품질의 영화를 제작하고 있는 국내 영화제작업의 실정을 감안하면, 우수 제작인력의 이탈을 방지하고 흑자 기조를 유지하면서 집행할 수 있	분야 상이
X	natua_yes_no_finance-7420347	0.0495	yes_no	공제조합과 신용조합의 인허가와 건전성에 대한 감독은 금융 감독당국이 맡고 있지	Yes	□ 소규모 사업자 외에 면허를 받아야 하는 사업자는 육상교통청에 통행 및 운전자 관련 자료를 제출하여 야 하며, 육상교통청은 위반행위나 안전사고에 관한 사업자의 보고 의무와 조치 방안 등을 포함한 사업자 준수규범을 마련할 수 있음 □ 육상교통청은 결함이 있거나 위험성이 있는 자동차 모델의 사용을 금지하는 등 필요한 경우 모든 사업자(면허가 불필요한 소규모 	분야 상이
X	natua_numeric_reasoning_numeric-c15ab086-7669-45a6-94df-18c9cae806a5	0.0493	numeric_reasoning	28일에 인천시가 밝힌 인천항과 경인항의 경쟁력 강화를 위해 시행하는 사업은 무엇인가?	항만 활성화 인센티브 지원사업	정부 관계자는 "데이터댐(5만여명), 공공데이터 청년 인턴(1.5만명), 디지털 배움터(8천여명) 등 뉴딜 주요 사업에 약 9만여명 이상의 인력이 참여해 고용위기 완화에 기여했다"고 평가했다. 디지털 뉴딜 추진으로 우리나라의 세계 디지털 경쟁력 지수(IMD)는 10위에서 8위, 정부 인공지능 준비지수는 26위에서 7위로 상승했다고 밝혔다. 디지털 SOC확충	분야 상이
X	natua_text_span_finance-6380319	0.0493	text_span	어느 행정부처에서 일반인들이 찾을 수 있게 현충시설을 조성해서 운영하고 있어	국가보훈처	2. 열효율·손실률을 개선할 수 있는 단위 사업의 부재 □ 전력시스템의 ‘이용효율’에 가장 근사한 정의 ○ 열효율 및 송배전 손실율이 전력시스템의 ‘이용효율’에 가장 근사한 개념일 것임 □ 열효율의 정의와 현황 ○ 열효율이란 연료가 가지고 있는 화학에너지(발열량)를 발전에 어느 정도 유효하게 이용하였는가를 백분율로 나타낸 것을 말함 - 열효율이 높을수록 연	분야 상이
X	natua_table_lookup_finance-7711700	0.0493	table_lookup	감소추세를 보이고 있는 국세청 심사청구 처리건수의 합계는 2013년 기준으로 얼마야	757	우리나라는 모든 가공단계에서 세계시장 점유율이 상대적으로 하락하고 반제품을 제외하면 부품, 자본재 및 소비재에서 중국 대비 비교우위가 약화된 것으로 분석되었다. 특히 소비재의 경우 우리나라의 세계시장 점유율은 중국의 1/10, 자본재의 경우는 1/8에 불과하다(2013년 기준). 2005~13년중 현시비교우위지수의 변화를 보면, 반제품은 우리나라의 대중국 	분야 상이
O	natua_yes_no_finance-6794135	0.0493	yes_no	태국은행이 통화안정을 목표로 해야 한다는 내용이 태국은행법에 명시되어 있어	Yes	노인장기요양보험법 시행령 일부개정령(안) 입법예고 1. 개정사유 특별현금급여가 다른 금원과 섞이면서 해당 통장이 압류되는 경우 특별현금급여와 이를 받을 권리가 침해되는 것을 방지해 노인과 그 가족의 생활안정을 도모하려는 것을 목표로 「노인장기요양보험법」이 개정됨(법률 제14321호, 2016.12.2. 개정)에 따라 특별현금급여계좌 신청 방법·절차 및 관리	문서클래스 일치·전문 확인상 답 부재 (③수치검증 통과)
X	natua_text_span_finance-6495419	0.049	text_span	국채 통안증권 RP금리가 무위험지표금리로 선택되면서 해당 금리에 대한 산출 작업을 맡게 된 건 어디야	한국예탁결제원	온천법 일부개정법률(안) 입법예고 1. 개정이유 가. 출입검사의 목적으로 온천자원 보호, 온천의 적정관리 및 효과적인 이용을 명시 나. 온천법의 공동급수 및 과태료에 대해서 일몰해제 적용 다. 온천법이 인용하고 있는 법률의 제명과 인용하고 있는 용어가 해당 법률의 개정에 따라 변경된 인용 법률 제명을 반영 2. 주요내용 가. 출입검사의 목적으로 온천자원 보	분야 상이
X	natua_numeric_reasoning_numeric-add2047a-04c0-4acf-9875-4032976e46a5	0.0489	numeric_reasoning	HDPE(고밀도폴리에틸렌)의 지난 2일 기준 톤당 가격은 PP(폴리프로필렌)보다 얼마나 낮은가?	90달러($)	KT는 지난해 연결기준 영업이익이 1조6718억2432만원으로 전년대비 41.2% 증가했다고 9일 공시했다. 같은 기간 매출액은 24조8980억513만원으로 4.1% 늘어난 것으로 나타났다. 당기순이익은 1조4593억9519만원으로 107.5% 증가한 것으로 집계됐다.	분야 상이
X	natua_text_span_finance-6482581	0.0489	text_span	금융위원회는 초등학생에게 저축의 중요성을 알리기 위해 어떻게 할 예정이야	교육부 및 9개 금융협회와 함께 초등학교 학생들을 대상으로 그림 공모전을9월7일부터 개최	4. 개선방안 (1) 현충시설의 중앙관리기능 강화 현재 현충시설의 관리는 국가보훈처 나라사랑정책과에서 담당하고 있으며, 현충시설심의 위원회의 구성 및 개최, 시설의 건립과 개·보수지원, 현충시설 활성화 계획수립 등 현충시설의 정책총괄업무를 담당하고 있다. 또한 25개 지방보훈관서를 통해 현충시설의 관리 및 활성화 지원업무 등도 수행하고 있다. 이러한 업무의	분야 상이
X	natua_text_span_finance-6998632	0.0488	text_span	예금보험공사가 착오송금 관련 채권을 매입해 피해자를 구제하는 개정 법안을 발의하려는 건 누구야	민병두 의원	성폭력방지 및 피해자보호 등에 관한 법률 시행규칙 일부개정령(안) 입법예고 1. 개정취지 불법촬영물 삭제 지원의 신청자를 피해자 외에 배우자, 직계친족, 형제자매로 확대하는 한편, 삭제지원 대상을 촬영물 외에 복제물(복제물의 복제물을 포함)을 추가하는 내용으로「성폭력방지 및 피해자보호 등에 관한 법률」이 개정(법률 제16896호, 2020. 1. 29 공포	분야 상이
X	natua_text_span_finance-7815158	0.0488	text_span	어떤 식으로 은행의 투자를 평가했어	은행 관련기관의 자산, 수익, 경영 평가를 통해	Ⅲ. 향후 계획 □ 금융위와 산업부는 투자용 기술평가 모형을 기술신용평가기관(TCB)와 기술평가기관 등에 배포하고 ㅇ 동 평가모형의 활용도를 높이기 위해 다양한 지원정책을 실시할 계획 ① 은행권 기술금융 실적 평가(TECH평가) 중 “기술기반 투자” 평가시 투자용 기술평가 모형을 활용한 투자를 실적으로 집계 ② 성장사다리 펀드 내 약 5,000억원 규모의 	지문 TECH평가가 의역답 성립 위험
X	natua_yes_no_finance-6390537	0.0488	yes_no	학부모는 포함하지 않고 당일 심사위원을 결정하는 건 교장공모제에 관해서지	No	□ 한국은행은 지난 3월 30일부터 약 한달간 일반 국민들과 소통의 폭을 넓혀 나가기 위하여 처음으로 ｢한국은행 스토리텔링｣을 공모하였음     ㅇ 공모내용은 한국은행과 관련한 미담이나 체험담을 600자 내외로 엮은 스토리임 □ 공모 결과 전국 각지에서 총 196명이 응모하였으며, 1차 심사에서 100편의 후보작을 뽑은 후 외부 심사위원이 포함된 2차 심사	분야 상이
X	natua_yes_no_finance-7212437	0.0487	yes_no	고용률 70퍼센트 로드맵을 통해 정부가 이끌고자 하는 것은 여성의 경제활동일까	Yes	□ 소규모 사업자 외에 면허를 받아야 하는 사업자는 육상교통청에 통행 및 운전자 관련 자료를 제출하여 야 하며, 육상교통청은 위반행위나 안전사고에 관한 사업자의 보고 의무와 조치 방안 등을 포함한 사업자 준수규범을 마련할 수 있음 □ 육상교통청은 결함이 있거나 위험성이 있는 자동차 모델의 사용을 금지하는 등 필요한 경우 모든 사업자(면허가 불필요한 소규모 	분야 상이
X	natua_yes_no_finance-6794184	0.0485	yes_no	금융 감독당국은 금융불안의 징조를 파악하기 위해 금융부분의 동향을 감시해야 하는 곳이니	Yes	□ 소규모 사업자 외에 면허를 받아야 하는 사업자는 육상교통청에 통행 및 운전자 관련 자료를 제출하여 야 하며, 육상교통청은 위반행위나 안전사고에 관한 사업자의 보고 의무와 조치 방안 등을 포함한 사업자 준수규범을 마련할 수 있음 □ 육상교통청은 결함이 있거나 위험성이 있는 자동차 모델의 사용을 금지하는 등 필요한 경우 모든 사업자(면허가 불필요한 소규모 	분야 상이
X	natua_yes_no_finance-6794130	0.0485	yes_no	제3유형은 금융안정화를 추진하려는 나머지 기관과 단합하는 형태로 규칙이 정해져있니	Yes	직종별로 본 수도권-비수도권간 임금차이는 주로 고임금 직종인 관리자, 전문직, 사무직에서 나타났으며, 나머지 다른 직종에서는 수도권과 비수도권간에 큰 차이가 나타나지 않았다. 〈표 3-11〉은 직종별 임금수준을 고용형태별로 세분화한 것으로, 정규직-비정규직간 임금차이가 큰 직종은 관리자, 전문직 등의 고임금 화이트칼라(white-collar) 직종에서 나타	분야 상이
O	natua_table_lookup_finance-6801281	0.0484	table_lookup	자본재는 2005년 대비 2013년에 세계시장점유율이 얼마의 비율로 증감했어	-0.2	□ 고충민원 처리건수는 2010년 이후 지속적으로 감소하여 2013년 현재 7,425건으로 이는 전년 대비 1,022건(12.1%) 줄어든 수치이며, 2010년에 비해서는 7,144건(약 49%) 감소한 것임 (단위: 건, 백만 원)  [표 9] 고충민원 처리 현황 <table><tbody><tr><td rowspan="2">구분</td><td colspa	문서클래스 일치·전문 확인상 답 부재 (③수치검증 통과)
O	natua_numeric_reasoning_numeric-2bcf984e-7ec0-4770-bcc2-8f9dc3ddfad2	0.0483	numeric_reasoning	3차 추경 예산안의 주거 분야 청년 예산 중 역세권 전세임대에 추가 투입하는 예산 대비 다가구매입임대에 추가 투입하는 예산은 몇 %인가?	40%	같은 달 HDC현대산업개발은 서울 강남구 역삼동 712-3번지 일원에서 개나리 4차 재건축사업으로 '아이파크'를 선보인다. '아이파크'는 전용 52~153㎡, 총 499가구 규모며 이 중 138가구가 일반 분양된다. 올 하반기 현대건설과 현대산업개발은 서울 강남구 개포동 660-1번지 일원의 개포 1단지를 재건축해 공급한다. 단지는 전용 59~179㎡, 총	문서클래스 일치·전문 확인상 답 부재 (③수치검증 통과)
X	natua_text_span_finance-6406378	0.0482	text_span	스마트워크센터가 일과 가정을 병행하여 삶의 질을 높일 수 있으려면 어떻게 해야 해	정기근무나 수시근무 유형에 중점을 둔 거주지형 센터의 이용을 장려	2. 보고서 작성의 목적 □ 스마트그리드 사업 정의의 구체화 ○ 「지능형전력망법」에서 규정하고 있는 스마트그리드의 개념이 모호하여, 이에 대한 사업 평가 또는 사업에 대한 투자의 방향 설정에 어려움을 겪고 있음 - 우리나라와 마찬가지로 스마트그리드를 법률에서 규정하여 사업을 진행하고 있는 미국 입법례를 분석하여 스마트그리드의 정의를 보다 구체화시키고자 함 	표면어/지시어 함정
X	natua_text_span_finance-7810004	0.0481	text_span	소상공인한테 코로나에 대응하여 어떤 식으로 3.5조원의 대출자금을 제공할 수 있어	시중은행 이차보전 지원을 통해	소나무재선충병 방제특별법 시행규칙 일부개정령(안) 입법예고 1. 개정이유 검인제도 폐지 내용의 「소나무재선충병 방제특별법」이 개정(법률 제16232호, 2019. 1. 15 공포)됨에 따라 검인 관련 내용을 삭제하고 일부 조문을 정비하고자 함 2. 주요내용 가. 소나무류 생산확인을 받으려는 경우에서 검인찍기 내용 삭제(안 제5조) - 소나무류 반출금지구역이	분야 상이
O	natua_table_lookup_finance-7711760	0.048	table_lookup	지방청에 속하는 부산지방국세청에서 2013년 기준 진행 중인 이의신청 건은 몇 건이야	51	2005~13년중 우리나라 전자산업의 주요 수출품은 대세계 경쟁력이 개선되었으나 중국에 비해서는 개선폭이 작아 대중국 경쟁력 격차가 축소된 것으로 분석된다. 우리나라의 세계시장 점유율은 컴퓨터와 컴퓨터 부품을 제외하고는 모두 상승하였으며, 무역특화지수도 컴퓨터를 제외한 대부분의 제품에서 수출특화가 강화되거나 수출특화로 전환하였다.  〈표 9〉 전자산업 주력	문서클래스 일치·전문 확인상 답 부재 (③수치검증 통과)
X	natua_text_span_finance-7450886	0.0476	text_span	에너지 부하율을 증가시키기 위해 개발해야 할 것이 뭐야	최대부하 저감 기술	5. 나가며 당초 정부는 여성인력 증가에 따른 일과 삶의 균형을 통한 생산성 제고, 긴 노동시간 대비 낮은 생산성을 해결하기 위한 근무방식 선진화 등을 위해 공공부문에서 선제적으로 스마트워크센터를 도입하고 이를 민간부문으로 확산하고자 하였다. 이와 관련하여 현재 국회에는 공공부문뿐만 아니라 민간부문에서의 스마트워크센터 활용을 촉진하기 위한 「스마트워크 촉진	분야 상이
X	natua_text_span_finance-7014598	0.0475	text_span	과학기술정보통신부에 인공지능 학습용 데이터를 구축하기 위한 인원을 일시적으로 얼마나 늘렸어	2명	5. 나가며 당초 정부는 여성인력 증가에 따른 일과 삶의 균형을 통한 생산성 제고, 긴 노동시간 대비 낮은 생산성을 해결하기 위한 근무방식 선진화 등을 위해 공공부문에서 선제적으로 스마트워크센터를 도입하고 이를 민간부문으로 확산하고자 하였다. 이와 관련하여 현재 국회에는 공공부문뿐만 아니라 민간부문에서의 스마트워크센터 활용을 촉진하기 위한 「스마트워크 촉진	주제 접점 약(③은 통과)
X	natua_yes_no_finance-6794136	0.0475	yes_no	태국은행법에는 태국은행의 목적으로 통화안정을 규정하고 있어	Yes	노인장기요양보험법 시행령 일부개정령(안) 입법예고 1. 개정사유 특별현금급여가 다른 금원과 섞이면서 해당 통장이 압류되는 경우 특별현금급여와 이를 받을 권리가 침해되는 것을 방지해 노인과 그 가족의 생활안정을 도모하려는 것을 목표로 「노인장기요양보험법」이 개정됨(법률 제14321호, 2016.12.2. 개정)에 따라 특별현금급여계좌 신청 방법·절차 및 관리	중복 질문 — 대표 1건 유지
X	natua_numeric_reasoning_numeric-46de238b-2bf3-465d-8289-0e921abf3647	0.0474	numeric_reasoning	BSI가 기준치인 100보다 낮으면 기업 체감 경기를 어떻게 인식하는가?	부정적	법원에 파산을 신청하는 기업 수가 4월 한 달에만 107건을 기록, 사상 첫 세자리 수에 도달했다. 올 1·4분기 200건으로 이미 역대 최대치에 이른 법인 파산 신청 건수가 갈수록 늘어나는 모양새다. 회생을 신청하는 기업 수도 역대 두 번째로 많은 112건에 달해 경기 악화가 '점입가경' 양상으로 치닫고 있다는 분석이 나온다. 20일 법원행정처에 따르면 	상식으로 답 가능
X	natua_numeric_reasoning_numeric-4c70fc4f-0735-4afb-b93b-0989e7ce7898	0.0473	numeric_reasoning	전체 수입맥주 중 중국 맥주의 매출 비중은 2014년에 비해 올해 몇 %p 상승하였는가?	5.3퍼센트포인트(%p)	한편 서울 아파트 전셋값 역시 전주보다 0.01% 오르면서 지난해 12월 이후 29주만에 상승 전환됐다. 성북(0.17%), 송파(0.07%), 관악(0.03%), 용산(0.03%) 등이 올랐고 강동(0.15%), 도봉(0.04%), 서대문(0.30%) 등은 하락했다.	분야 상이
X	natua_numeric_reasoning_numeric-1bdaea60-8090-4332-a156-4c1ba87450fc	0.0473	numeric_reasoning	전체 수입맥주 중 중국 맥주의 매출 비중은 2014년에 비해 올해 몇 %p 상승하였는가?	반면 칭따오를 앞세운 중국 맥주는 인기를 얻고 있다. 2014년까지만 해도 매출 비중이 4.9%에 불과했지만	한편 서울 아파트 전셋값 역시 전주보다 0.01% 오르면서 지난해 12월 이후 29주만에 상승 전환됐다. 성북(0.17%), 송파(0.07%), 관악(0.03%), 용산(0.03%) 등이 올랐고 강동(0.15%), 도봉(0.04%), 서대문(0.30%) 등은 하락했다.	중복 질문 — 대표 1건 유지
X	natua_yes_no_finance-6437812	0.0473	yes_no	싱가포르에서는 승차공유 따위의 환경 변화에 발맞춘 지점 간 여객운송사업법을 2020년부터 적용해	Yes	교장공모제는 교장 임용 다양화정책의 일환으로 기존의 교장승진제도와 초빙교장제의 한계를 극복하고 학교와 지역 발전을 촉진할 수 있는 교장을 임용하기 위한 차원에서 도입되었다. 그간의 경위를 보면, 2005년 11월 교육인적자원부는 ‘교장초빙ㆍ공모제 시범운영 추진계획’을 마련하였고, 대통령자문 교육혁신위원회가 개선방안을 구상하였다. 그리고 2007년 4월에는 	분야 상이
X	natua_text_span_finance-7450894	0.0471	text_span	발전사업에 어느 공기업이 뛰어들면 중소기업들과 형평성 논란이 야기될 수 있지	한국전력공사	경찰공무원 승진임용 규정 시행규칙 일부개정령(안) 입법예고 1. 개정이유 자치경찰제 시행(’21. 1. 1.)으로 자치경찰사무 담당 경찰공무원에 대한 임용권이 시·도지사, 시·도자치경찰위원회, 시·도경찰청장에게 위임됨. 시·도지사, 시·도경찰청장이 표창을 수여할 경우 상점을 3점으로 규정하고 있으나, 시·도자치경찰위원회에 대해서는 규정되어 있지 않으므로, 	분야 상이
X	natua_text_span_finance-6406372	0.0468	text_span	정부는 저탄소 녹색성장 문화 촉진을 위해 어떻게 방송통신 정책을 만들어서 실시해야 해	재택근무·영상회의·원격교육·원격진료 등을 활성화	(2) 개발대상도서의 지원 범위 확대 지속가능한 도서지역의 관리를 위해 개발대상도서의 범위를 확대하는 방안이다. 현행 「도서개발 촉진법」과 동 법 시행령에 따라 도서가 육지와 연결되어 10년이 지났을 경우에 정부지원에서 제외하고 있으나, 연륙 이후 10년이 경과해도 여전히 지방재정과 개발수준이 열악한 도서가 많아서 규제완화 방안이 요구된다. 또한 도서인구가	분야 상이
X	natua_text_span_finance-6492861	0.0466	text_span	팬데믹을 겪고 난 후 경제활동참가율이 여전히 낮은 이유로서 구직 유인이 떨어진 원인은 뭐야	추가 실업급여의 연장 지급	(2) 개발대상도서의 지원 범위 확대 지속가능한 도서지역의 관리를 위해 개발대상도서의 범위를 확대하는 방안이다. 현행 「도서개발 촉진법」과 동 법 시행령에 따라 도서가 육지와 연결되어 10년이 지났을 경우에 정부지원에서 제외하고 있으나, 연륙 이후 10년이 경과해도 여전히 지방재정과 개발수준이 열악한 도서가 많아서 규제완화 방안이 요구된다. 또한 도서인구가	중복 질문 — 대표 1건 유지
O	natua_numeric_reasoning_numeric-e0764d21-7ce8-40d7-930f-7f6cf8425ab3	0.0465	numeric_reasoning	삼성증권은 디오의 목표주가를 기존에 비해 얼마나 상향했는가?	10000원	21일 한국거래소에 따르면 와이지엔터테인먼트는 오전 11시 42분 기준 전 거래일 대비 4.60%(2500원) 오른 5만6800원에 거래되고 있다. 시장가격 기준 시가총액은 1조452억원으로 코스닥 시장에서 62위다. 외국인소진율은 16.59%, 주가순자산배수(PBR)는 2.67배, 동일업종 PER은 -20.15배다. 와이지엔터테인먼트가 2분기 호실적 전망	문서클래스 일치·전문 확인상 답 부재 (③수치검증 통과)
X	natua_numeric_reasoning_numeric-3c1f7b5d-5e76-4741-9ccd-7114d19461c1	0.0464	numeric_reasoning	피부 속 수분 집중 공급, 피부 장벽 강화 및 수분 진정, 피부 윤기 개선 등 3가지의 핵심 효능을 자랑하는 라네즈 수분 에센스의 제품명은 무엇인가?	워터뱅크 하이드로 에센스	라진성 KTB투자증권 연구원은 "재무구조 개선이 인상 깊다"며 "순차입금이 2020년 말 1조2000억 원에서 2021년 상반기 5000억 원으로 줄었다. 장단기 차입금 비율 개선, 부채비율 개선 등으로 이자비용 감소 및 수주 경쟁력 강화가 예상된다"고 분석했다. 전망도 밝다. 건설업 호황 속에서 상반기에 부진했던 플랜트, 토목 부문 매출과 주택 공급이 3	분야 상이
O	natua_table_lookup_finance-7711683	0.0464	table_lookup	2008년 기준으로 과세전적부심사에서 처리되어 감세받은 세액이 얼마나 되지	21,702	한편 우리나라의 전자산업기술은 중국보다 2~3년 정도 앞선 것으로 평가되나 반도체설계 및 차세대 컴퓨터 분야에서는 기술격차가 크지 않은 상황이다.  〈표 11〉 우리나라 전자산업의 중국대비 기술우위 <table><tbody><tr><td></td><td>2008</td><td>2014</td><td>2008년 대비 2014 증감</td></tr><tr><t	문서클래스 일치·전문 확인상 답 부재 (③수치검증 통과)
X	natua_text_span_finance-6482680	0.0463	text_span	기술금융 투자 활성화를 위해 산업부와 금융위원회는 어떻게 하기 시작했어	엔젤투자자나 벤처캐피탈이 활용가능한 투자용 기술평가 모형 개발	5. 나가며 당초 정부는 여성인력 증가에 따른 일과 삶의 균형을 통한 생산성 제고, 긴 노동시간 대비 낮은 생산성을 해결하기 위한 근무방식 선진화 등을 위해 공공부문에서 선제적으로 스마트워크센터를 도입하고 이를 민간부문으로 확산하고자 하였다. 이와 관련하여 현재 국회에는 공공부문뿐만 아니라 민간부문에서의 스마트워크센터 활용을 촉진하기 위한 「스마트워크 촉진	분야 상이
X	natua_numeric_reasoning_numeric-eb2d493c-760b-4624-9113-ba20be37e129	0.0462	numeric_reasoning	올해 우리나라 법인이 국세청에 신고한 일본과 중국의 해외금융계좌 금액은 얼마 차이인가?	6052100000000원	지난해 코로나19 사태에 따른 교역 위축에도 중국의 한국제품 수입은 거의 타격이 없었던 것으로 나타났다. 국내 수출을 견인하는 반도체를 비롯해 화장품, 마스크, 의류 등 소비재의 대(對) 한국 수입이 호조를 보이며 전체 감소율을 일부 방어한 결과로 풀이된다. 14일 코트라(KOTRA)에 따르면 지난해 중국의 대한국 수입액은 1735억달러로 전년 대비 0.0	분야 상이
O	natua_numeric_reasoning_numeric-8efc690e-3db3-428c-ae96-edd37f88d40d	0.0462	numeric_reasoning	드림텍은 타법인주식 및 출자증권 취득결정 공시를 통해 25일 밝힌 것은 무엇인가?	카디악인사이트의 지분 및 경영권을 인수하는 주식매매계약을 체결	△나노브릭(286750)이=보통주 1주당 가액을 1000원에서 500원으로 낮추는 주식분할을 결정했다고 5일 공시했다. 주식분할목적은 '유통 주식수 증가를 통한 주식거래 활성화'다. 이에 발행주식총수는 456만103주에서 912만206주로 늘어난다. 주권 매매 거래는 주식 분할을 위해 다음 달 12일부터 14일까지 정지된다. 신주 상장 예정일은 오는 4월 	문서클래스 일치·전문 확인상 답 부재 (③수치검증 통과)
O	natua_table_lookup_finance-7711770	0.0462	table_lookup	2013년에 고충민원 처리건수가 가장 많은 중부지방국세청의 시정 처리 건수는 얼마나 돼	1,532	한편 가공단계별로 보면, 중간재(부품과 반제품)의 경우는 우리나라의 대세계 경쟁력이 다소 강화되었다. 2005~13년중 반제품과 부품에서는 우리나라의 세계시장 점유율과 무역특화지수가 모두 상승한 반면 자본재 및 소비재에서는 모두 하락하였다.  〈표 7〉 가공단계별 시장점유율 변화 <table><tbody><tr><td></td><td>수출비중</td><td	문서클래스 일치·전문 확인상 답 부재 (③수치검증 통과)
X	natua_yes_no_finance-6794156	0.0462	yes_no	금융 안정에 대한 책임관계가 기획재정부와 금융위원회 간에 적확하게 구성되어 있니	No	(2) 공정성과 참여확대 동시 추구 학부모와 교사 등 단위학교 구성원의 참여를 실질적으로 확대시킬 수 있는 방안을 모색할 필요가 있다. 학교 심사위원회가 적임자가 아니라고 판단할 경우는 2단계의 심사대상자로 추천하지 않는 것도 방안이 될 수 있다. 공정성을 강화하기 위한다는 구실로 단위학교의 참여를 크게 제한하는 방식은 설득력이 그리 높지 않다. 교과부가 	분야 상이
O	natua_yes_no_finance-7021554	0.0458	yes_no	국가유공자법 시행령에 따르면 부정수급을 제보한 사람에게 주는 포상금은 무조건 10만 원이야	No	고용보험법 시행령 일부개정령(안) 입법예고 1. 개정이유 기존에 직업안정기관의 장에게 위임하던 피보험자격관리 업무를 근로복지공단에 위탁함으로써 현재 고용보험의 적용 및 보험료 부과 업무와 고용보험 피보험자격관리 업무의 이원화에 따라 나타나는 행정 비효율 및 국민 불편사항 등을 개선하려는 것임 2. 주요내용 가. 피보험자격관리 업무를 근로복지공단에 위탁(안 	문서클래스 일치·전문 확인상 답 부재 (③수치검증 통과)
X	natua_yes_no_finance-7687377	0.0458	yes_no	20대 후반의 여성은 경기도에서 전국 평균과 비교했을 때 경력단절 기간이 다소 짧은 편이니	Yes	□ 제정 배경과 경과 ◦ 싱가포르에서는 기존의 택시 위주 규제 체계로는 승차공유의 등장과 스마트폰을 활용한 예약 서비스 도입 등 지점 간 여객운송(택시+승차공유)의 변화에 대응하기 어렵다는 점이 지적되면서 「지점 간 여객운송사업법 2019」를 제정하고 새로운 규제 프레임워크를 도입함 ◦ 해당 법률은 2019년 8월 싱가포르 국회를 통과하여 2020년 시행을	분야 상이
X	natua_numeric_reasoning_numeric-99ef7fa7-5ea5-4f48-80df-b8f4e3103156	0.0456	numeric_reasoning	올해 세계 IT 기업 시장가치 측면 순위에서 애플과 알파벳 중 순위가 더 높은 건 무엇인가?	애플	게임기대주 크래프톤이 새해들어 주가 하락률 1위라는 불명예를 안았다. 크래프톤은 지난달 광주 대형 붕괴 사고를 낸 HDC현대산업개발보다 더 큰 하락폭을 보였다. 2일 한국거래소에 따르면 코스피에서 크래프톤 주가는 지난해 말 46만원에서 지난달 28일 27만4500원으로 새해들어 40.33%(18만5500원) 하락했다. 코스피 전 종목 가운데 지난 1월 하락	상식으로 답 가능
X	natua_numeric_reasoning_numeric-4f7eb293-6bce-4e0a-93a2-c50c9c89c95b	0.0455	numeric_reasoning	뉴욕 상업거래소에서 거래되는 3월물 서부텍사스산원유(WTI)의 전장 가격은 배럴당 얼마인가?	93.66달러($)	전체 케이뱅크 주식 수가 3억7261만8228주에 이른다는 점을 고려하면 이번에 유통되기 시작한 케이뱅크 비상장 주식은 극히 소수라고 할 수 있다. 그러나 서울 거래소 비상장 관계자는 “장외 주식 거래 가격을 통해 케이뱅크 기업 가치를 참고할 수 있다는 점에서 의미가 있다”고 설명했다. 실제 카카오뱅크도 장외에서 39조원까지 기업 가치를 인정받았다. 상장 	분야 상이
X	natua_text_span_finance-6817681	0.0455	text_span	국무원은 2020년까지 시장이 이끄는 가격 결정 체계를 어떻게 확립한다고 했어	‘가격체제 개혁 추진에 관한 의견’(2015.10.12)을 통해	(2) 미등록 사적지 관리문제 현충시설은 매년 그 수가 지속적으로 증가하여 2014년말 현재 1,915개소에 이르고 있다. 그러나 2007년부터 2010년까지 4년간에 걸쳐 실시한 현충시설에 대한 실태조사에 의하면, 미등록 국내사적지가 1,666개소에 달하고 있으며, 이 중 332개소는 역사적·교육적으로 매우 중요한 시설로 조사되었다. 이 중 일부 사적지의	분야 상이
X	natua_text_span_finance-6492864	0.0455	text_span	어느 나라가 소비여건과 투자여건이 좋은 것으로 평가되어 경제활동 정상화가 예상되고 있어	미국	2. 현충시설 관리현황 (1) 국내 현충시설 관리현황 국내현충시설은 [표 1]에서 보듯이 2014년 말 현재 독립운동 관련시설 849개소와 국가수호 관련시설 1,066개소 등 총 1,915개소가 지정·운영되고 있다. 관리주체로는 지방자치단체, 군부대, 기념 사업회, 학교, 문중대표 등 다양하게 지정되어 있고, 지자체가 1,022개(53.4%)로 가장 많은 	상식으로 답 가능
O	natua_numeric_reasoning_numeric-16e6aa12-d6fe-46e4-a5cb-f88130d1ee62	0.0452	numeric_reasoning	송파와 관악 중 아파트 전셋값이 더 크게 오른 곳은 어디인가?	송파	지난달부터 반포주공1단지 1·2·4주구(2120가구)와 신반포18차(182가구) 등이 이주에 나서면서 이주 수요의 영향으로 전세난이 심화되고 있다. 하반기 이주 예정인 신반포 18·21차 등을 포함하면 서초구 내 이주 수요만 5000여 가구에 달해 전세난 우려는 더욱 커지고 있다. 이에 서초구는 최근 반포 3주구의 재건축 관리처분계획을 인가하면서 조합과 협	문서클래스 일치·전문 확인상 답 부재 (③수치검증 통과)
O	natua_numeric_reasoning_numeric-3b0c0f92-ea73-4ad2-bc3f-b16cccb96548	0.0452	numeric_reasoning	하나금융투자는 DGB금융의 올해 연간 추정 순익을 몇프로나 상향했는가?	10.89%	유현재 DB금융투자 연구원은 "2020년 연말 본격적으로 영업을 시작한 완전 무치악 솔루션 디오나비 풀아치 계약 병원 증가로 수년간 성장률이 둔화됐던 내수 매출액이 증가 추세"라고 설명했다. 이어 "중국 분기 매출액도 최초로 90억원을 상회했고 7월 80억원 규모의 풀아치 솔루션 공급계약과 온라인 치과재료 유통사와 500억원 규모의 공급계약 등의 성과가 언	문서클래스 일치·전문 확인상 답 부재 (③수치검증 통과)
O	natua_text_span_finance-7017587	0.0452	text_span	개정되는 대중문화예술산업발전법 시행령에 의하면 대중문화예술기획업 등록자의 결격사유가 확인되면 어떻게 돼	등록 취소	국민건강보험법 시행령 일부개정령(안) 입법예고 1. 개정사유 - 포괄수가제에서 보건복지부장관이 정하여 고시하는 의료장비를 이용한 진료에 대해 지급 기준을 신설하고 질병군별 상대가치점수(포괄수가) 외에 추가 산정하는 요양급여항목의 본인일부부담금의 부담률을 명확하게 하고, 공시가격 변동에 따른 재산세 과세표준액 인상으로 지역가입자의 보험료 부담 증가됨에 따라 	문서클래스 일치·전문 확인상 답 부재 (③수치검증 통과)
O	natua_table_lookup_finance-6801360	0.0452	table_lookup	한국은 원재료에서 2005년 기준 얼마의 현시비교우위를 보여	0.03	□ 국세청 심사청구의 경우 2013년 기준 총 처리건수는 757건으로 2011년 이후 감소추세를 보이고 있음 (단위: 건, %)  [표 6] 국세청 심사청구 처리 현황 <table><tbody><tr><td rowspan="2">년도</td><td rowspan="2">처리 대상</td><td colspan="4">처리현황</td></tr><tr><td>계	문서클래스 일치·전문 확인상 답 부재 (③수치검증 통과)
X	natua_yes_no_finance-6437825	0.0452	yes_no	PHCB사업자가 800대가 넘는 차를 플랫폼에 등록한 경우라면 관련 영업면허를 따야 하는 거지	Yes	(2) 공정성과 참여확대 동시 추구 학부모와 교사 등 단위학교 구성원의 참여를 실질적으로 확대시킬 수 있는 방안을 모색할 필요가 있다. 학교 심사위원회가 적임자가 아니라고 판단할 경우는 2단계의 심사대상자로 추천하지 않는 것도 방안이 될 수 있다. 공정성을 강화하기 위한다는 구실로 단위학교의 참여를 크게 제한하는 방식은 설득력이 그리 높지 않다. 교과부가 	분야 상이
X	natua_yes_no_finance-7192060	0.0452	yes_no	노르웨이 중앙은행은 금융 안정에 관해 평가된 결과를 재무부에 내야 할까	Yes	□ 소규모 사업자 외에 면허를 받아야 하는 사업자는 육상교통청에 통행 및 운전자 관련 자료를 제출하여 야 하며, 육상교통청은 위반행위나 안전사고에 관한 사업자의 보고 의무와 조치 방안 등을 포함한 사업자 준수규범을 마련할 수 있음 □ 육상교통청은 결함이 있거나 위험성이 있는 자동차 모델의 사용을 금지하는 등 필요한 경우 모든 사업자(면허가 불필요한 소규모 	분야 상이
O	natua_table_lookup_finance-7167782	0.0451	table_lookup	중부지방 국세청 소속하에 있는 태백지서가 위치한 강원도 지역 도시가 어디야	태백시	□ 2013년 기준 과세전적부심사 처리건수는 지방국세청 중에서는 중부지방 국세청이 1,680건으로 가장 많으며 세무서 중에서는 동수원세무서가 79건으로 가장 많음 (단위: 건, %)  [표 13] 2013년 중앙청･세무서별 과세전적부심사 현황 <table><tbody><tr><td colspan="2" rowspan="2">구분</td><td rowspan	문서클래스 일치·전문 확인상 답 부재 (③수치검증 통과)
X	natua_text_span_finance-7810003	0.045	text_span	코로나에 대응하여 소상공인한테 3.5조원의 대출자금을 어떻게 제공할 수 있어	시중은행 이차보전 지원을 통해	소나무재선충병 방제특별법 시행규칙 일부개정령(안) 입법예고 1. 개정이유 검인제도 폐지 내용의 「소나무재선충병 방제특별법」이 개정(법률 제16232호, 2019. 1. 15 공포)됨에 따라 검인 관련 내용을 삭제하고 일부 조문을 정비하고자 함 2. 주요내용 가. 소나무류 생산확인을 받으려는 경우에서 검인찍기 내용 삭제(안 제5조) - 소나무류 반출금지구역이	중복 질문 — 대표 1건 유지
X	natua_numeric_reasoning_numeric-f097a3e9-d959-450d-bc82-437562d60c47	0.0446	numeric_reasoning	28일 열린 충청남도 금고지정심의위원회에서 NH농협은행과 KB국민은행의 득점은 몇 점 차이가 나는가?	1.73점	이태규 바른미래당 의원. [연합] 상상인 계열 저축은행의 주식담보대출 반대매매가 업계에서 가장 큰 비중을 차지하는 것으로 나타났다. 지난해 국정감사 때도 상상인 계열 저축은행의 고금리 주식담보대출에 대한 문제가 나왔지만, 같은 행태가 지금도 이어지고 있다는 지적도 나온다. 8일 국회 정무위원회 소속 이태규 바른미래당 의원이 금융감독원에서 받은 자료에 따르면	분야 상이
X	natua_numeric_reasoning_numeric-f4928eca-d446-4ba6-a588-ad1385290f93	0.0445	numeric_reasoning	18일 한국에너지공단이 한국남동발전 및 기후변화센터와 기후변화 대응을 위해 체결한 협약은 무엇인가?	해외사업 개발 업무협약(MOU)	종합미디어 업체 제이콘텐트리는 주식 10주를 1주로 합치는 액면병합을 진행한다고 9일 공시했다. 적정 주식수 유지를 통한 기업가치 제고와 주가 안정을 위해서다. 주당 액면가는 기존 500원에서 5000원이 되고 발행주식수는 1억4406만8982주에서 1440만6898주로 10분의 1 규모로 줄어든다. 주식 병합으로 인한 거래정지 기간은 오는 7월18일에서 	분야 상이
O	natua_yes_no_finance-7212450	0.0444	yes_no	경력단절자가 다니던 직장을 관둔 시점은 근로자의 나이에 따라 상이하니	Yes	고용보험법 시행령 일부개정령(안) 입법예고 1. 개정이유 기존에 직업안정기관의 장에게 위임하던 피보험자격관리 업무를 근로복지공단에 위탁함으로써 현재 고용보험의 적용 및 보험료 부과 업무와 고용보험 피보험자격관리 업무의 이원화에 따라 나타나는 행정 비효율 및 국민 불편사항 등을 개선하려는 것임 2. 주요내용 가. 피보험자격관리 업무를 근로복지공단에 위탁(안 	문서클래스 일치·전문 확인상 답 부재 (③수치검증 통과)
X	natua_numeric_reasoning_numeric-74a2f4e1-50f5-4dd9-957a-092a9f4535a8	0.0443	numeric_reasoning	BMW의 지난해 판매량은 메르세데스-벤츠에 비해 얼마나 적은가?	20274대	한편 서울 아파트 전셋값 역시 전주보다 0.01% 오르면서 지난해 12월 이후 29주만에 상승 전환됐다. 성북(0.17%), 송파(0.07%), 관악(0.03%), 용산(0.03%) 등이 올랐고 강동(0.15%), 도봉(0.04%), 서대문(0.30%) 등은 하락했다.	분야 상이
O	natua_text_span_finance-7438845	0.0443	text_span	금융위원회는 활발한 코넥스 시장의 조성을 어떤 식으로 계속 진행하려고 해	｢코넥스 시장 활성화 방안｣의 안착 등	Ⅲ. 향후 계획 □ 금융위와 산업부는 투자용 기술평가 모형을 기술신용평가기관(TCB)와 기술평가기관 등에 배포하고 ㅇ 동 평가모형의 활용도를 높이기 위해 다양한 지원정책을 실시할 계획 ① 은행권 기술금융 실적 평가(TECH평가) 중 “기술기반 투자” 평가시 투자용 기술평가 모형을 활용한 투자를 실적으로 집계 ② 성장사다리 펀드 내 약 5,000억원 규모의 	문서클래스 일치·전문 확인상 답 부재 (③수치검증 통과)
X	natua_yes_no_finance-7212519	0.0442	yes_no	십여 년 동안 경기도에서 고용률이 증가한 연령대는 20대 후반일까	Yes	□ 제정 배경과 경과 ◦ 싱가포르에서는 기존의 택시 위주 규제 체계로는 승차공유의 등장과 스마트폰을 활용한 예약 서비스 도입 등 지점 간 여객운송(택시+승차공유)의 변화에 대응하기 어렵다는 점이 지적되면서 「지점 간 여객운송사업법 2019」를 제정하고 새로운 규제 프레임워크를 도입함 ◦ 해당 법률은 2019년 8월 싱가포르 국회를 통과하여 2020년 시행을	분야 상이
X	natua_yes_no_finance-6794125	0.0441	yes_no	중앙은행의 역할과 목적은 나라별 상황에 맞게 여러 모습으로 성장해왔어	Yes	3. 시사점 (1) 여객운송 산업의 변화에 대응할 수 있는 정책 체계 마련 필요 □ 우리나라 역시 다른 나라와 마찬가지로 여객운송 산업에서 큰 변화를 맞이하고 있어 기존 정책만으로 변화에 대응하는 데 어려움을 겪고 있음 ○ 우리나라의 지점 간 여객운송 산업은 최근 기존의 법제도를 적용하기 곤란한 우버 등 승차공유, 카카오택시 등 스마트폰 애플리케이션을 활용	상식으로 답 가능
X	natua_yes_no_finance-7462357	0.044	yes_no	출산과 결혼 때문에 이전 직장을 퇴사한 근로자의 비율이 전국 평균보다 높은 지역이 경기도일까	Yes	(2) 2010년 확대실시 및 심사절차 교과부는 올해 9월 교장임용에서 768개교의 교장 결원 예정학교 가운데 56%인 436개교에서 초빙형 교장공모제를 실시하겠다고 발표하였다. 서울은 결원 학교수의 100%인 76개교에서 실시하였고, 인천은 약 67%, 그 밖의 지역은 약 50%에서 초빙형 교장공모제를 실시하였다. 교장공모 신청 결과 전국 평균경쟁률은 4	분야 상이
X	natua_text_span_finance-6406376	0.0437	text_span	스마트워크센터 근무 정착으로 조직문화를 개선하려면 어떤 조치를 해야 하지	보다 객관적이고 세부적인 인사상 평가지표의 개발	수입식품안전관리 특별법 시행규칙 일부개정령(안) 입법예고 1. 개정이유 천재지변이나 전세계적 감염병 위기 하에서는 현지실사를 할 수 없어 해외제조업소와 해외작업장에 대한 관리 · 감독이 이루어지기 어려운 실정인 바, 정보통신기술을 활용한 비대면 조사가 가능하도록 「수입식품안전관리 특별법」이 개정됨에 따라 비대면 조사의 방법 등 법률에서 위임한 사항을 규정하	분야 상이
X	natua_text_span_finance-7450867	0.0437	text_span	전기사업법에 따른 전력수급기본계획과 충돌을 일으키는 법으로는 무엇이 있어	지능형전력망법	온천법 일부개정법률(안) 입법예고 1. 개정이유 가. 출입검사의 목적으로 온천자원 보호, 온천의 적정관리 및 효과적인 이용을 명시 나. 온천법의 공동급수 및 과태료에 대해서 일몰해제 적용 다. 온천법이 인용하고 있는 법률의 제명과 인용하고 있는 용어가 해당 법률의 개정에 따라 변경된 인용 법률 제명을 반영 2. 주요내용 가. 출입검사의 목적으로 온천자원 보	중복 질문 — 대표 1건 유지
O	natua_table_lookup_finance-6801358	0.0436	table_lookup	자본제는 2013년 한국에서 현시비교우위가 어느 정도야	1.27	□ 2013년 기준으로 고충민원 처리건수는 지방국세청 중에서는 중부지방국세청이 2,730건으로 가장 많으며, 세무서 중에서는 동수원세무서가 178건으로 가장 많음 (단위: 건)  [표 15] 2013년 중앙청･세무서별 고충민원 현황 <table><tbody><tr><td colspan="2" rowspan="2">구분</td><td colspan="4">처	문서클래스 일치·전문 확인상 답 부재 (③수치검증 통과)
X	natua_yes_no_finance-6437811	0.0436	yes_no	2020년에 시행될 예정인 싱가포르의 지점 간 여객운송사업법은 승차공유 같은 환경 변화를 반영하고 있어	Yes	첫째, 세계 각국의 중앙은행 대부분이 금융 안정을 중앙은행의 목적 중 하나로 인식하고 업무를 수행하고 있으며, 특히 현행 한국은행 법의 규정 형태는 비교법적으로 일본, 영국, 스위스 등과 같이 금융 안정에 기여 및 다른 기관과의 협력 등의 형태로 중앙은행의 금융 안정에 관한 목적을 규정하는 제3유형 형태로 볼 수 있다. 즉 한국은행 법은 제1조 목적 조항에	분야 상이
X	natua_yes_no_finance-6390534	0.0433	yes_no	단위학교의 참여를 늘리겠다는 교과부의 발표 이후 실제로는 참여를 축소하는 방향으로 공모절차를 시행했어	No	(2) 당사자 간 지속적인 소통과 협력을 통한 정책 마련 □ 우리나라에서는 현재 당사자들이 첨예하게 대립하고 있고, 정책 당사자의 참여를 통한 지속적인 소통과 협력이 이루어지지 못해 효과적인 정책의 수립·집행이 제한되고 있음 □ 싱가포르의 경우 새로운 규제 프레임워크를 도입하는 과정에 정책 당사자인 운전자, 택시협회, 승차공유차량협회, 사업자, 일반 국민이	분야 상이
O	natua_table_lookup_finance-7711776	0.0431	table_lookup	부산지방국세청에 제출된 고충민원 중에서 시정 불가능으로 된 건이 2013년엔 몇 건이었어	187	우리나라는 모든 가공단계에서 세계시장 점유율이 상대적으로 하락하고 반제품을 제외하면 부품, 자본재 및 소비재에서 중국 대비 비교우위가 약화된 것으로 분석되었다. 특히 소비재의 경우 우리나라의 세계시장 점유율은 중국의 1/10, 자본재의 경우는 1/8에 불과하다(2013년 기준). 2005~13년중 현시비교우위지수의 변화를 보면, 반제품은 우리나라의 대중국 	문서클래스 일치·전문 확인상 답 부재 (③수치검증 통과)
X	natua_yes_no_finance-7212510	0.0431	yes_no	외환위기 전에 비해 한국경제는 실업률이 높은 구조가 계속되고 있니	Yes	(3) 태국은행법은 금융제도의 안정과 지급시스템 안정을 통화안정과 함께 태국은행의 목적으로 명시하고, 지급시스템의 설치 및 설치의 지원, 금융기관 감독 및 검사, 환율 및 외환준비금 관리 등의 업무를 수행할 수 있음을 규정하고 있다. 태국은행법 제7조 : 태국은행의 목적은 통화안정, 금융제도의 안정 및 지급시스템 안정을 위하여 중앙은행업에 관련 된 업무를 	분야 상이
X	natua_yes_no_finance-6794144	0.0428	yes_no	타 기관과 공조하지 않고 영란은행은 독립적으로 금융안정을 달성해나가야 해	No	(2) 공정성과 참여확대 동시 추구 학부모와 교사 등 단위학교 구성원의 참여를 실질적으로 확대시킬 수 있는 방안을 모색할 필요가 있다. 학교 심사위원회가 적임자가 아니라고 판단할 경우는 2단계의 심사대상자로 추천하지 않는 것도 방안이 될 수 있다. 공정성을 강화하기 위한다는 구실로 단위학교의 참여를 크게 제한하는 방식은 설득력이 그리 높지 않다. 교과부가 	분야 상이
X	natua_yes_no_finance-6794166	0.0426	yes_no	균형이 잡히는 방향으로 금융 안정과 물가 안정 간 충돌관계로 발생한 리스크가 해소 됐니	No	□ 제정 배경과 경과 ◦ 싱가포르에서는 기존의 택시 위주 규제 체계로는 승차공유의 등장과 스마트폰을 활용한 예약 서비스 도입 등 지점 간 여객운송(택시+승차공유)의 변화에 대응하기 어렵다는 점이 지적되면서 「지점 간 여객운송사업법 2019」를 제정하고 새로운 규제 프레임워크를 도입함 ◦ 해당 법률은 2019년 8월 싱가포르 국회를 통과하여 2020년 시행을	분야 상이
X	natua_text_span_finance-6998633	0.0424	text_span	누가 예금보험공사가 착오송금 관련 채권을 매입해 피해자를 구제하는 개정 법안을 발의했어	민병두 의원	성폭력방지 및 피해자보호 등에 관한 법률 시행규칙 일부개정령(안) 입법예고 1. 개정취지 불법촬영물 삭제 지원의 신청자를 피해자 외에 배우자, 직계친족, 형제자매로 확대하는 한편, 삭제지원 대상을 촬영물 외에 복제물(복제물의 복제물을 포함)을 추가하는 내용으로「성폭력방지 및 피해자보호 등에 관한 법률」이 개정(법률 제16896호, 2020. 1. 29 공포	중복 질문 — 대표 1건 유지
O	natua_text_span_finance-6380187	0.0423	text_span	정부는 전기통신사업법에 어떤 제도를 도입해서 불법 다운로드를 제한하려고 했어	웹하드 등록제	5. 소급 입법과 외국의 행정 처분 사례 경제적 불법 행위에 대해 법적 강제력을 부과하는 방법에는 매각 명령 등으로 불법 행위를 직접 해소하는 방법과 금전적 벌칙을 통해 간접 이행하는 방법이 있다. 미국의 경우 은행법 등은 불법 행위에 대해 징벌적 손해 배상 제도를 구비하고 있으므로 법적 강제력을 이를 통해 달성하고 있다. 반면 경제적 이득 이상으로 손해 	문서클래스 일치·전문 확인상 답 부재 (③수치검증 통과)
X	natua_yes_no_finance-7212462	0.0422	yes_no	비정규직과 정규직의 높지 않은 이동성이 고학력 여성이 노동시장 재진입 시 제약 조건이 될까	Yes	□ 제정 배경과 경과 ◦ 싱가포르에서는 기존의 택시 위주 규제 체계로는 승차공유의 등장과 스마트폰을 활용한 예약 서비스 도입 등 지점 간 여객운송(택시+승차공유)의 변화에 대응하기 어렵다는 점이 지적되면서 「지점 간 여객운송사업법 2019」를 제정하고 새로운 규제 프레임워크를 도입함 ◦ 해당 법률은 2019년 8월 싱가포르 국회를 통과하여 2020년 시행을	분야 상이
X	natua_numeric_reasoning_numeric-bb31febd-93b1-47fe-b6ca-7980c837ea9a	0.0421	numeric_reasoning	스마트 홍수 관리와 재난대응 조기경보 시스템 중 더 많은 개소에 디지털 SOC확충을 한 것은 무엇인가?	스마트 홍수 관리	인력확보 용이성은 54.6%를 차지해 입주요건 중 전문 인력의 확보를 가장 중요하게 생각하는 것으로 드러났다. 응답기업의 소재지는 총 326개 중 서울이 97개사로 가장 많은 응답을 한 것으로 파악됐다. 인천 75개사, 경기 70개사, 대전·충북·충남 57개사, 대구·부산·경북 17개사, 강원·광주 등 10개사 순으로 응답했다. 또한, 스타트업 창업 시 인	분야 상이
X	natua_text_span_finance-7450840	0.0421	text_span	어떤 방법으로 신재생에너지 보급에 지장을 주는 원인을 해결했지	지능형 신재생	(2) 국외 현충시설 관리현황 국외에 산재해 있는 독립운동 관련시설 및 한국전 참전시설에 대한 관리는 해당국가의 지방정부나 민간단체 등이 주관하며 우리의 국가보훈처 및 유관단체 등과의 협조를 통해 보존·관리하고 있다. 특히 중국, 러시아 등 광범위한 지역에 유적이 산재해 있는 국가의 경우에는 현지 유관기관 및 대학 등과 협약을 체결해서 위탁관리하고 있다. 	분야 상이
X	natua_text_span_finance-6380189	0.0418	text_span	여러 가지 영화 배급 방법이 생겨나면서 별도의 정의가 요구되는 영화 관련 산업은 뭐야	온라인영화서비스업	5. 소급 입법과 외국의 행정 처분 사례 경제적 불법 행위에 대해 법적 강제력을 부과하는 방법에는 매각 명령 등으로 불법 행위를 직접 해소하는 방법과 금전적 벌칙을 통해 간접 이행하는 방법이 있다. 미국의 경우 은행법 등은 불법 행위에 대해 징벌적 손해 배상 제도를 구비하고 있으므로 법적 강제력을 이를 통해 달성하고 있다. 반면 경제적 이득 이상으로 손해 	중복 질문 — 대표 1건 유지
X	natua_yes_no_finance-6794174	0.0417	yes_no	재무부가 금융 감독당국과 영란은행의 활동 관련 책임을 담당하고 있지	No	(2) 대규모 PHCB사업자 면허 의무화 등 면허 체계 개편 □ 차량과 사업 종류에 따른 기존의 면허 체계를 제공하는 서비스에 따른 새로운 면허 체계로 개편하고, 기존에는 관련 면허 제도가 없어 면허 취득 의무가 없었던 PHCB사업자 중 플랫폼에 등록된 차량이 800대 이상인 대규모 PHCB사업자에게도 해당 영업면허 취득을 의무화함 ○ 기존에는 택시운영사업	분야 상이
O	natua_table_lookup_finance-6799909	0.0414	table_lookup	전자산업 분야의 기술 우위는 2008년 대비 2014 증감은 몇이야	-1.6	□ 감사원의 경우 2013년 기준 총 처리건수는 321건이며, 2012년 대비 총 접수건수는 증가하였으나, 처리건수는 감소하였으며 인용률 또한 전년대비 17%p 하락한 것으로 나타남 (단위: 건, %)  [표 8] 감사원 심사청구 처리 현황 <table><tbody><tr><td colspan="2" rowspan="2">구분</td><td rowspan=	문서클래스 일치·전문 확인상 답 부재 (③수치검증 통과)
X	natua_table_lookup_finance-6801102	0.0413	table_lookup	2005년에 비해 2013년 기계산업의 증감률은 얼마야	1.2	□ 국세청 심사청구의 경우 2013년 기준 총 처리건수는 757건으로 2011년 이후 감소추세를 보이고 있음 (단위: 건, %)  [표 6] 국세청 심사청구 처리 현황 <table><tbody><tr><td rowspan="2">년도</td><td rowspan="2">처리 대상</td><td colspan="4">처리현황</td></tr><tr><td>계	중복 질문 — 대표 1건 유지
X	natua_numeric_reasoning_numeric-dd3a6dff-8cf2-4957-a2af-9503bacae3ab	0.0412	numeric_reasoning	5일 IMF는 중국의 올해 경제 성장률 전망치를 종전보다 얼마나 하향 조정했는가?	5일(현지시간) AFP통신에 따르면 IMF는 이날 중국의 올해 경제 성장률 전망치를 종전 6.3%에서 6.2	한편 서울 아파트 전셋값 역시 전주보다 0.01% 오르면서 지난해 12월 이후 29주만에 상승 전환됐다. 성북(0.17%), 송파(0.07%), 관악(0.03%), 용산(0.03%) 등이 올랐고 강동(0.15%), 도봉(0.04%), 서대문(0.30%) 등은 하락했다.	분야 상이
X	natua_text_span_finance-6383696	0.0411	text_span	국토교통부 조사에 의하면 전국에서 섬이 제일 많은 지역은 어디야	전남	수입식품안전관리 특별법 시행규칙 일부개정령(안) 입법예고 1. 개정이유 천재지변이나 전세계적 감염병 위기 하에서는 현지실사를 할 수 없어 해외제조업소와 해외작업장에 대한 관리 · 감독이 이루어지기 어려운 실정인 바, 정보통신기술을 활용한 비대면 조사가 가능하도록 「수입식품안전관리 특별법」이 개정됨에 따라 비대면 조사의 방법 등 법률에서 위임한 사항을 규정하	분야 상이
O	natua_table_lookup_finance-7711680	0.0407	table_lookup	2010년 이후 계속해서 감소 추세인 과세전적부심사 처리건수가 2013년에 총 몇 건이야	4,976	2000년대 중반 이후 신흥국의 고기술제품 수출이 점차 늘어나고 이에 필요한 노동집약적 제품 및 저·중간기술 제품의 자급률도 상승하는 등 신흥국과 선진국간 기술격차 축소 등으로 글로벌 생산분업은 확장세가 둔화되고 있다.  〈표 2〉 세계교역의 기술수준별 비중 <table><tbody><tr><td></td><td>연도</td><td>노동집약적</td><td	문서클래스 일치·전문 확인상 답 부재 (③수치검증 통과)
X	natua_yes_no_finance-7212490	0.0406	yes_no	경기지역은 전국 평균에 비해 출산율과 여성 고용률이 낮은 수준을 보였니	Yes	(2) 2010년 확대실시 및 심사절차 교과부는 올해 9월 교장임용에서 768개교의 교장 결원 예정학교 가운데 56%인 436개교에서 초빙형 교장공모제를 실시하겠다고 발표하였다. 서울은 결원 학교수의 100%인 76개교에서 실시하였고, 인천은 약 67%, 그 밖의 지역은 약 50%에서 초빙형 교장공모제를 실시하였다. 교장공모 신청 결과 전국 평균경쟁률은 4	중복 질문 — 대표 1건 유지
O	natua_text_span_finance-7015519	0.0405	text_span	누구한테 안전관리계획을 수립해서 공표하는 업무가 주어졌어	학교의 장	온천법 일부개정법률(안) 입법예고 1. 개정이유 가. 출입검사의 목적으로 온천자원 보호, 온천의 적정관리 및 효과적인 이용을 명시 나. 온천법의 공동급수 및 과태료에 대해서 일몰해제 적용 다. 온천법이 인용하고 있는 법률의 제명과 인용하고 있는 용어가 해당 법률의 개정에 따라 변경된 인용 법률 제명을 반영 2. 주요내용 가. 출입검사의 목적으로 온천자원 보	문서클래스 일치·전문 확인상 답 부재 (③수치검증 통과)
O	natua_table_lookup_finance-7711689	0.0405	table_lookup	과세전적부심사 처리 현황에서 해당 제도에 불채택된 건이 2010년도엔 어느 정도였지	3,619	우리나라는 모든 가공단계에서 세계시장 점유율이 상대적으로 하락하고 반제품을 제외하면 부품, 자본재 및 소비재에서 중국 대비 비교우위가 약화된 것으로 분석되었다. 특히 소비재의 경우 우리나라의 세계시장 점유율은 중국의 1/10, 자본재의 경우는 1/8에 불과하다(2013년 기준). 2005~13년중 현시비교우위지수의 변화를 보면, 반제품은 우리나라의 대중국 	문서클래스 일치·전문 확인상 답 부재 (③수치검증 통과)
X	natua_text_span_finance-6482681	0.0403	text_span	기술금융 투자모형은 평가의 정확성을 높이기 위해 어떻게 했어	기업을 성장단계별로 분류	산림청과 그 소속기관 직제 시행규칙 일부개정령(안) 입법예고 1. 개정이유 및 주요내용 산림청 소속기관인 산림항공본부에 총액인건비제를 활용하여 직급 하향 조정한 인력 13명(8급 13명)을 종전의 직급(7급 13명)으로 환원하고, 인력운영의 효율성을 높이기 위하여 산림항공본부의 관리운영직군 정원 2명(9급 2명)을 기술직군 정원 2명(9급 2명)으로, 시간	분야 상이
X	natua_numeric_reasoning_numeric-b118460e-f449-4da7-9156-b9edb8eeacee	0.0402	numeric_reasoning	'희망두배 청년통장', '꿈나래 통장'의 올해 신규 모집인원은 작년보다 몇 % 늘었는가?	138.26%	한편 서울 아파트 전셋값 역시 전주보다 0.01% 오르면서 지난해 12월 이후 29주만에 상승 전환됐다. 성북(0.17%), 송파(0.07%), 관악(0.03%), 용산(0.03%) 등이 올랐고 강동(0.15%), 도봉(0.04%), 서대문(0.30%) 등은 하락했다.	분야 상이
O	natua_table_lookup_finance-6991861	0.0402	table_lookup	13년에 어느 정도의 건의 착오송금에 대해 반환청구가 있었어	59,958	□ 권리보호요청은 매년 약 1,000건 정도 접수되며, 약 90% 정도의 시정률을 보이고 있음 (단위: 건)  [표 10] 권리보호요청 처리 현황 <table><tbody><tr><td rowspan="2">년도</td><td rowspan="2">처리대상</td><td colspan="3">처리 현황</td></tr><tr><td>계</td><td>시정<	문서클래스 일치·전문 확인상 답 부재 (③수치검증 통과)
X	natua_numeric_reasoning_numeric-561a41b1-ff86-45b8-a373-8e06b906f439	0.0401	numeric_reasoning	중소벤처기업진흥공단이 운영하는 윤리인권경영위원회는 외부위원과 내부위원 중 어느 쪽 인원이 더 많은가?	외부위원	[지난 2월 임명된 강민석 청와대 대변인이 자신과 가족의 명의로 총 24억2200만원 가량의 재산을 신고했다. 문 대통령의 1~3기 대변인(박수현·김의겸·고민정) 중 가장 많은 재산을 보유하고 있는 것으로 나타났다. 정부공직자윤리위원회가 29일 공개한 5월 고위 공직자 재산 수시 공개 자료에 따르면, 강 대변인은 서울 서초구 잠원동 소재의 본인과 배우자 공	분야 상이
O	natua_table_lookup_finance-6776965	0.0401	table_lookup	다목적회관 등과 같은 문화복지시설의 프로젝트 비용 중에 어느 정도가 지방비로 확인되었어	12,349	그러나 중국과 비교할 경우 주력 수출품의 세계시장 점유율 상승폭이 크지 않고 현시비교우위지수의 개선폭도 크지 않다는 점에서 대중국 경쟁력 격차는 축소된 것으로 평가된다. 우리나라 전자산업의 세계시장 점유율이 중국의 1/5 수준(2013년 기준)에 그치고 있는 등 4대 주력산업의 점유율은 중국의 평균 1/3 수준에 불과하다. 현시비교우위지수를 분석해 보면, 	문서클래스 일치·전문 확인상 답 부재 (③수치검증 통과)
X	natua_yes_no_finance-6794179	0.0398	yes_no	새 규제를 만들 때 금융 감독당국은 재무부를 돕는 역할을 하고 있어	Yes	□ 제정 배경과 경과 ◦ 싱가포르에서는 기존의 택시 위주 규제 체계로는 승차공유의 등장과 스마트폰을 활용한 예약 서비스 도입 등 지점 간 여객운송(택시+승차공유)의 변화에 대응하기 어렵다는 점이 지적되면서 「지점 간 여객운송사업법 2019」를 제정하고 새로운 규제 프레임워크를 도입함 ◦ 해당 법률은 2019년 8월 싱가포르 국회를 통과하여 2020년 시행을	분야 상이
X	natua_yes_no_finance-6478479	0.0398	yes_no	자산운용사의 수익성지표는 운용환경이 악화되었음에도 불구하고 호전세를 보였을까	No	□ 소규모 사업자 외에 면허를 받아야 하는 사업자는 육상교통청에 통행 및 운전자 관련 자료를 제출하여 야 하며, 육상교통청은 위반행위나 안전사고에 관한 사업자의 보고 의무와 조치 방안 등을 포함한 사업자 준수규범을 마련할 수 있음 □ 육상교통청은 결함이 있거나 위험성이 있는 자동차 모델의 사용을 금지하는 등 필요한 경우 모든 사업자(면허가 불필요한 소규모 	분야 상이
X	natua_text_span_finance-6406380	0.0397	text_span	어떻게 해야 스마트워크센터 이용을 활성화시킬 수 있지	클라우드 컴퓨팅 환경을 효과적으로 구축	2. 보고서 작성의 목적 □ 스마트그리드 사업 정의의 구체화 ○ 「지능형전력망법」에서 규정하고 있는 스마트그리드의 개념이 모호하여, 이에 대한 사업 평가 또는 사업에 대한 투자의 방향 설정에 어려움을 겪고 있음 - 우리나라와 마찬가지로 스마트그리드를 법률에서 규정하여 사업을 진행하고 있는 미국 입법례를 분석하여 스마트그리드의 정의를 보다 구체화시키고자 함 	표면어/지시어 함정
X	natua_text_span_finance-7450865	0.0396	text_span	연중 부하율이 대략 7.33퍼센트 정도 오르려면 최대 10프로 개선되어야 하는 건 뭐야	근무일의 일일 부하율	(2) 개발대상도서의 지원 범위 확대 지속가능한 도서지역의 관리를 위해 개발대상도서의 범위를 확대하는 방안이다. 현행 「도서개발 촉진법」과 동 법 시행령에 따라 도서가 육지와 연결되어 10년이 지났을 경우에 정부지원에서 제외하고 있으나, 연륙 이후 10년이 경과해도 여전히 지방재정과 개발수준이 열악한 도서가 많아서 규제완화 방안이 요구된다. 또한 도서인구가	분야 상이
X	natua_text_span_finance-7450842	0.0394	text_span	2014년도에 결정된 29가지 스마트그리드 단위사업을 위해 얼마나 투자해	5,180억 원	(3) 인프라 부족 및 기술적 보완 필요 2011년 1월에 정부에서 발표한 「2011년도 스마트워크 활성화 추진계획」에 따르면 2015년까지 전국적으로 총 50개의 공공 스마트워크센터를 구축하는 것을 목표로 하였으나, 2015년 4월 현재 구축된 센터는 목표 대비 32%인 16개에 불과한 실정이다. 현재 16개소의 스마트워크센터 중 정부청사에 위치하고 있는	표면어/지시어 함정
O	natua_table_lookup_finance-6801211	0.0394	table_lookup	2005년 중국 대비 한국 기계산업은 현시비교우위지수가 어느 정도야	3.01	□ 권리보호요청은 매년 약 1,000건 정도 접수되며, 약 90% 정도의 시정률을 보이고 있음 (단위: 건)  [표 10] 권리보호요청 처리 현황 <table><tbody><tr><td rowspan="2">년도</td><td rowspan="2">처리대상</td><td colspan="3">처리 현황</td></tr><tr><td>계</td><td>시정<	문서클래스 일치·전문 확인상 답 부재 (③수치검증 통과)
X	natua_text_span_finance-7450877	0.0393	text_span	무엇과 전력시스템 기술을 접목하여 전력시스템의 안전도를 높여주는 기술이 스마트그리드야	정보통신기술	5. 나가며 당초 정부는 여성인력 증가에 따른 일과 삶의 균형을 통한 생산성 제고, 긴 노동시간 대비 낮은 생산성을 해결하기 위한 근무방식 선진화 등을 위해 공공부문에서 선제적으로 스마트워크센터를 도입하고 이를 민간부문으로 확산하고자 하였다. 이와 관련하여 현재 국회에는 공공부문뿐만 아니라 민간부문에서의 스마트워크센터 활용을 촉진하기 위한 「스마트워크 촉진	표면어/지시어 함정
X	natua_text_span_finance-7450897	0.0392	text_span	전력시스템 부하율이 높을수록 스마트그리드 기술로 확보하기 힘들어지는 것은 뭐야	경제성	5. 나가며 당초 정부는 여성인력 증가에 따른 일과 삶의 균형을 통한 생산성 제고, 긴 노동시간 대비 낮은 생산성을 해결하기 위한 근무방식 선진화 등을 위해 공공부문에서 선제적으로 스마트워크센터를 도입하고 이를 민간부문으로 확산하고자 하였다. 이와 관련하여 현재 국회에는 공공부문뿐만 아니라 민간부문에서의 스마트워크센터 활용을 촉진하기 위한 「스마트워크 촉진	표면어/지시어 함정
O	natua_table_lookup_finance-7711793	0.0388	table_lookup	2013년에 청구된 기타 내국세에 대한 심판청구 건 수 중 기한 내 처리건수는 얼마나 돼	667	2005~13년중 우리나라 전자산업의 주요 수출품은 대세계 경쟁력이 개선되었으나 중국에 비해서는 개선폭이 작아 대중국 경쟁력 격차가 축소된 것으로 분석된다. 우리나라의 세계시장 점유율은 컴퓨터와 컴퓨터 부품을 제외하고는 모두 상승하였으며, 무역특화지수도 컴퓨터를 제외한 대부분의 제품에서 수출특화가 강화되거나 수출특화로 전환하였다.  〈표 9〉 전자산업 주력	문서클래스 일치·전문 확인상 답 부재 (③수치검증 통과)
O	natua_table_lookup_finance-6776948	0.0386	table_lookup	전국에서 섬의 수가 가장 많은 곳은 전남이고 그 섬들의 면적을 모두 합하면 얼마야	1,601,347,399	한편 가공단계별로 보면, 중간재(부품과 반제품)의 경우는 우리나라의 대세계 경쟁력이 다소 강화되었다. 2005~13년중 반제품과 부품에서는 우리나라의 세계시장 점유율과 무역특화지수가 모두 상승한 반면 자본재 및 소비재에서는 모두 하락하였다.  〈표 7〉 가공단계별 시장점유율 변화 <table><tbody><tr><td></td><td>수출비중</td><td	문서클래스 일치·전문 확인상 답 부재 (③수치검증 통과)
X	natua_yes_no_finance-7021993	0.0386	yes_no	생명윤리정책과는 보건산업정책국이 아니라 보건의료정책실 소속으로 변경되는 거지	Yes	Ⅳ. 보완방안 1. 금융안정에 대한 측정지표 개발, 금융안정 책임에 관한 유관기관과의 MOU체결 및 금융안정협의기구 구성 추진 (1) 금융안정 측정지표 개발 금융안정을 측정하는 신뢰할 수 있는 측정 지표를 개발함으로써 금융안정을 위한 정책 방향 및 법적 책임을 명확하게 설정할 필요가 있다. 즉 금융 안정 측정지표를 개발하여 목표 인플레이션을 정하고 이를 달	분야 상이
X	natua_yes_no_finance-7212455	0.0386	yes_no	전국 평균과 비교했을 때 경기도는 더 높은 출산율을 나타내고 있을까	Yes	□ 시사점 ◦ 우리나라도 싱가포르의 정책 사례를 참고하여 ① 스마트폰 애플리케이션을 활용한 서비스 도입 등 여객운송 산업에서 지금까지 나타난 변화에 대응하고 자율주행자동차의 등장 등 앞으로 다가올 더 큰 변화에 효과적으로 대응할 수 있도록 새로운 여객운송 정책 체계를 마련하고 ② 그 과정에서 정책 당사자의 소통과 협력을 통하여 정책 수립의 효율성 및 신뢰성	분야 상이
O	natua_text_span_finance-7450868	0.0385	text_span	어느 법이 전기사업법에 따른 전력수급기본계획과 상충될 수 있어	지능형전력망법	방송통신위원회는 이동통신사업자와 디지털콘텐츠제공업자 간의 수익배분 행위에 대한 사후 규제를 위하여 「전기통신사업법」 제50조(금지행위)에 통신사업자가 디지털 콘텐츠를 제공하기 위한 거래에서 적정한 수익배분을 거부하거나 제한하는 행위에 대하여 규정하고 있다. 그러나 유선포털사업자와 콘텐츠제공업자 간의 관계에서 발생할 수 있는 불공정 행위에 대해서는 현행 법 	문서클래스 일치·전문 확인상 답 부재 (③수치검증 통과)
X	natua_text_span_finance-7450849	0.0385	text_span	어떤 용어의 의미가 명확하지 않아서 스마트그리드 기술의 성과를 평가하기 힘들어	이용효율	1. 들어가며 스마트워크(Smart Work)란 시간과 장소에 얽매이지 않고 언제 어디서나 일할 수 있는 체제를 의미하며, 스마트워크센터는 공무원 또는 공공기관 근무자가 스마트워크를 실현하기 위해 자신의 원래 근무지가 아닌 주거지와 가까운 지역에서 근무할 수 있도록 환경을 제공하는 원격근무용 사무실을 말한다. 최근 저출산 극복을 위한 일과 가정의 양립이 사	표면어/지시어 함정
X	natua_text_span_finance-7014599	0.0383	text_span	한시적으로 과기정통부의 인공지능 학습용 데이터 구축 인원을 몇 명 증가시켰어	2명	온천법 일부개정법률(안) 입법예고 1. 개정이유 가. 출입검사의 목적으로 온천자원 보호, 온천의 적정관리 및 효과적인 이용을 명시 나. 온천법의 공동급수 및 과태료에 대해서 일몰해제 적용 다. 온천법이 인용하고 있는 법률의 제명과 인용하고 있는 용어가 해당 법률의 개정에 따라 변경된 인용 법률 제명을 반영 2. 주요내용 가. 출입검사의 목적으로 온천자원 보	중복 질문 — 대표 1건 유지
X	natua_table_lookup_finance-7711771	0.0382	table_lookup	2013년에 부산지방국세청에 접수된 고충민원 중 시정 불가로 처리된 건수는 얼마야	187	한편 가공단계별로 보면, 중간재(부품과 반제품)의 경우는 우리나라의 대세계 경쟁력이 다소 강화되었다. 2005~13년중 반제품과 부품에서는 우리나라의 세계시장 점유율과 무역특화지수가 모두 상승한 반면 자본재 및 소비재에서는 모두 하락하였다.  〈표 7〉 가공단계별 시장점유율 변화 <table><tbody><tr><td></td><td>수출비중</td><td	중복 질문 — 대표 1건 유지
O	natua_table_lookup_finance-6799911	0.0381	table_lookup	2014년엔 2008년 대비 디스플레이 기술 우위의 증감이 얼마야	-1.3	□ 감사원의 경우 2013년 기준 총 처리건수는 321건이며, 2012년 대비 총 접수건수는 증가하였으나, 처리건수는 감소하였으며 인용률 또한 전년대비 17%p 하락한 것으로 나타남 (단위: 건, %)  [표 8] 감사원 심사청구 처리 현황 <table><tbody><tr><td colspan="2" rowspan="2">구분</td><td rowspan=	문서클래스 일치·전문 확인상 답 부재 (③수치검증 통과)
X	natua_text_span_finance-7450890	0.0379	text_span	전력설비 계획은 발전사업자가 어디에 발을 들일지 정할 때 필요하지	전력시장	4. 향후 과제 (1) 영화 및 영화산업 정의의 확장 영화 부가시장의 패러다임 변화에 발맞추어 관련 법률의 ‘영화’ 및 ‘영화산업’의 정의에 대한 재검토가 필요하다. 현행 「영화 및 비디오물의 진흥에 관한 법률」의 ‘영화’의 정의는 영화의 온라인 유통 현상을 포섭하고 있지 않고, 유통 플랫폼을 영화상영관 등의 장소로 한정하고 있기 때문에, 이에 대한 보완이	분야 상이
O	natua_text_span_finance-7450858	0.0379	text_span	지능형전력망법에서는 지능형전력망 정보가 어떻게 처리된 데이터라고 정의되어 있어	광(光) 또는 전자적 방식	국적법 일부개정법률안 재입법예고 1. 개정이유 및 주요내용 병역준비역에 편입된 복수국적자에게 국적 선택 기간에 국적 이탈을 신고할 수 없는 정당한 사유가 있는 경우에도 국적 이탈을 할 수 없도록 하는 규정에 대하여 헌법재판소가 헌법불합치결정(헌법재판소 2020. 9. 24. 선고, 2016헌마889)을 함에 따라, 외국에서 출생하여 주된 생활근거가 외국에 	문서클래스 일치·전문 확인상 답 부재 (③수치검증 통과)
O	natua_text_span_finance-6383706	0.0378	text_span	연륙 도서지역이 정부지원 대상에서 빠지게 된 것은 육지와 연결된 후로 얼마 만이지	10년	가맹사업 진흥에 관한 법률 시행령 일부개정령(안) 입법예고 1. 개정이유 가맹사업 진흥에 관한 법률이 개정됨에 따라 그 후속조치로 대통령령에서 정하고 있는 가맹사업 실태조사 주기를 법과 동일하게 2년으로 변경하고, 법에서 신설된 가맹사업 해외진출 지원 정보체계 구축과 관련해 법에서 대통령령으로 위임한 사항을 규정하고, 정보체계 구축운영에 관한 업무를 위탁할	문서클래스 일치·전문 확인상 답 부재 (③수치검증 통과)
O	natua_table_lookup_finance-7711690	0.0377	table_lookup	2008년에 납세자 권익보호 제도 중 하나인 이의신청의 처리대상 건수는 모두 얼마야	5,053	한편 가공단계별로 보면, 중간재(부품과 반제품)의 경우는 우리나라의 대세계 경쟁력이 다소 강화되었다. 2005~13년중 반제품과 부품에서는 우리나라의 세계시장 점유율과 무역특화지수가 모두 상승한 반면 자본재 및 소비재에서는 모두 하락하였다.  〈표 7〉 가공단계별 시장점유율 변화 <table><tbody><tr><td></td><td>수출비중</td><td	문서클래스 일치·전문 확인상 답 부재 (③수치검증 통과)
O	natua_table_lookup_finance-7711764	0.0377	table_lookup	대구지방국세청에 접수된 이의신청이 인용 및 기각으로 처리된 건수는 합계가 얼마야	169	2000년대 중반 이후 신흥국의 고기술제품 수출이 점차 늘어나고 이에 필요한 노동집약적 제품 및 저·중간기술 제품의 자급률도 상승하는 등 신흥국과 선진국간 기술격차 축소 등으로 글로벌 생산분업은 확장세가 둔화되고 있다.  〈표 2〉 세계교역의 기술수준별 비중 <table><tbody><tr><td></td><td>연도</td><td>노동집약적</td><td	문서클래스 일치·전문 확인상 답 부재 (③수치검증 통과)
X	natua_yes_no_finance-6390531	0.0377	yes_no	2010년 이래로 교과부는 교장공모제 대상 학교를 차근차근 확대해 나갔지	No	〈표 3-7〉을 보면, 학력수준이 높아질수록 수도권과 비수도권 모두 정규직-비정규직간 임금차이가 더욱 벌어지는 현상이 나타나고, 특히 대졸이상인 경우 수도권에서 큰 차이를 보였다. 3.1.5 근속년수별 임금수준에 대한 비교 〈표 3-8〉을 보면, 근속기간이 증가할수록 임금수준뿐만 아니라 수도권-비수도권간 임금차이도 증가하는 경향을 보였다. 특히 5-10년의	분야 상이
X	natua_yes_no_finance-6794149	0.0377	yes_no	금융 안정을 이루는 것이 중앙은행의 목표일까	Yes	노인장기요양보험법 시행령 일부개정령(안) 입법예고 1. 개정사유 특별현금급여가 다른 금원과 섞이면서 해당 통장이 압류되는 경우 특별현금급여와 이를 받을 권리가 침해되는 것을 방지해 노인과 그 가족의 생활안정을 도모하려는 것을 목표로 「노인장기요양보험법」이 개정됨(법률 제14321호, 2016.12.2. 개정)에 따라 특별현금급여계좌 신청 방법·절차 및 관리	상식으로 답 가능
O	natua_numeric_reasoning_numeric-84e56960-e900-4c8e-91bf-0b6e0392e153	0.0376	numeric_reasoning	일본의 작년 4월 완전실업자 수는 몇 명이었는가?	이로써 일본의 올 4월 완전실업자 수는 전년 동월과 비교해 13만명 많은 189만명으로 늘어났다.	한일 무역 갈등의 여파 속에 일본이 지난달 우리나라와의 무역에서 벌어들인 돈이 전년 같은 기간에 비해 25% 넘게 줄어든 것으로 나타났습니다. 일본 재무성이 오늘 발표한 9월 무역통계에 따르면 지난달 우리나라에 대한 수출은 4천 27억 엔으로 지난해 같은 기간보다 15.9% 줄었습니다. 반면, 수입은 8.9% 감소한 2천 513억 엔을 기록해, 무역수지 흑	문서클래스 일치·전문 확인상 답 부재 (③수치검증 통과)
X	natua_text_span_finance-7450855	0.0376	text_span	지자체가 거점지구에 요구되는 경비를 지원할 근거가 되는 법률은 뭐야	지능형전력망법	(2) 개발대상도서의 지원 범위 확대 지속가능한 도서지역의 관리를 위해 개발대상도서의 범위를 확대하는 방안이다. 현행 「도서개발 촉진법」과 동 법 시행령에 따라 도서가 육지와 연결되어 10년이 지났을 경우에 정부지원에서 제외하고 있으나, 연륙 이후 10년이 경과해도 여전히 지방재정과 개발수준이 열악한 도서가 많아서 규제완화 방안이 요구된다. 또한 도서인구가	분야 상이
X	natua_text_span_finance-7185096	0.0374	text_span	뭐를 차로이탈경고장치를 의무화시켜서 방지하려는 걸까	대형 교통사고	(2) 영화 VOD 시장 성장의 의미 VOD 등 영화 부가시장의 성장은 제작·배급·상영 등 영화산업 가치사슬의 각 단계에 상당한 파급효과를 가져올 것으로 기대된다. 먼저, 부가시장의 수익은 영화 선진국에 비해 낮은 제작비로 고품질의 영화를 제작하고 있는 국내 영화제작업의 실정을 감안하면, 우수 제작인력의 이탈을 방지하고 흑자 기조를 유지하면서 집행할 수 있	분야 상이
X	natua_yes_no_finance-7212432	0.0372	yes_no	신성장동력 산업을 육성해 양질의 일자리를 지속적으로 창출해야 할까	Yes	(2) 당사자 간 지속적인 소통과 협력을 통한 정책 마련 □ 우리나라에서는 현재 당사자들이 첨예하게 대립하고 있고, 정책 당사자의 참여를 통한 지속적인 소통과 협력이 이루어지지 못해 효과적인 정책의 수립·집행이 제한되고 있음 □ 싱가포르의 경우 새로운 규제 프레임워크를 도입하는 과정에 정책 당사자인 운전자, 택시협회, 승차공유차량협회, 사업자, 일반 국민이	상식으로 답 가능
X	natua_numeric_reasoning_numeric-f549109d-d2c3-4264-b6d4-d4828c657401	0.037	numeric_reasoning	지난 4월 어획량과 지난 6월 어획량 중 그 어획량이 더 적었던 시기는 언제인가?	지난 4월 어획량	게임기대주 크래프톤이 새해들어 주가 하락률 1위라는 불명예를 안았다. 크래프톤은 지난달 광주 대형 붕괴 사고를 낸 HDC현대산업개발보다 더 큰 하락폭을 보였다. 2일 한국거래소에 따르면 코스피에서 크래프톤 주가는 지난해 말 46만원에서 지난달 28일 27만4500원으로 새해들어 40.33%(18만5500원) 하락했다. 코스피 전 종목 가운데 지난 1월 하락	분야 상이
X	natua_text_span_finance-6404760	0.037	text_span	소형주택 건설 의무비율제도가 대도시 주택 정책에 쓰일만한지는 어떻게 확인해야 해	지자체의 의견을 반영하여	□ 전력시스템의 부하율이 높은 국내 상황에서 가장 필요한 요소 기술에 대한 수요를 우선 발굴하여 이를 해결해야 할 것임 ○ 전력시스템의 부하율이 높다는 것은 스마트그리드 관련 기술의 도입으로 경제성을 확보하기 어렵다는 것을 의미함 ○ 전체 시스템을 감시 제어할 때 사용되는 소프트웨어인 EMS, SCADA, RTU, PMU, AMI 등에 대한 국내 기술 수준	분야 상이
X	natua_yes_no_finance-7212495	0.0367	yes_no	장기간의 육아휴직으로 근로자의 인적자본이 없어질 수도 있는 거지	Yes	□ 소규모 사업자 외에 면허를 받아야 하는 사업자는 육상교통청에 통행 및 운전자 관련 자료를 제출하여 야 하며, 육상교통청은 위반행위나 안전사고에 관한 사업자의 보고 의무와 조치 방안 등을 포함한 사업자 준수규범을 마련할 수 있음 □ 육상교통청은 결함이 있거나 위험성이 있는 자동차 모델의 사용을 금지하는 등 필요한 경우 모든 사업자(면허가 불필요한 소규모 	분야 상이
X	natua_text_span_finance-7815157	0.0366	text_span	은행의 투자를 어떻게 평가했어	은행 관련기관의 자산, 수익, 경영 평가를 통해	Ⅲ. 향후 계획 □ 금융위와 산업부는 투자용 기술평가 모형을 기술신용평가기관(TCB)와 기술평가기관 등에 배포하고 ㅇ 동 평가모형의 활용도를 높이기 위해 다양한 지원정책을 실시할 계획 ① 은행권 기술금융 실적 평가(TECH평가) 중 “기술기반 투자” 평가시 투자용 기술평가 모형을 활용한 투자를 실적으로 집계 ② 성장사다리 펀드 내 약 5,000억원 규모의 	중복 질문 — 대표 1건 유지
X	natua_yes_no_finance-7212478	0.0366	yes_no	육아휴직을 사용할 권리가 전체 근로자들에게 있을까	Yes	(3) 승객과 운전자의 안전 보장 조치 □ 모든 사업자(면허가 불필요한 소규모 사업자 포함)는 해당 차량 운행에 필요한 직업면허를 갖춘 운전자와 보험에 가입하고 차량 검사에 합격한 차량만을 활용하여 직접 차량을 운행하거나 예약을 중개할 수 있으며, 이를 위반하는 사업자에 대해서는 육상교통청이 운전자들에게 그 사업자를 위하여 운전하는 것을 금지할 수 있음 ○	중복 질문 — 대표 1건 유지
O	natua_table_lookup_finance-6802564	0.0364	table_lookup	어느 국가가 송금 및 결제 분야에서 5순위야	영국	한편 우리나라의 전자산업기술은 중국보다 2~3년 정도 앞선 것으로 평가되나 반도체설계 및 차세대 컴퓨터 분야에서는 기술격차가 크지 않은 상황이다.  〈표 11〉 우리나라 전자산업의 중국대비 기술우위 <table><tbody><tr><td></td><td>2008</td><td>2014</td><td>2008년 대비 2014 증감</td></tr><tr><t	문서클래스 일치·전문 확인상 답 부재 (③수치검증 통과)
O	natua_table_lookup_finance-6801404	0.0361	table_lookup	우리나라 수출 가운데 전자산업의 점유율은 2013년에 얼마야	30.7	□ 핀테크기업들은 인터넷 및 모바일 보급률은 빠르게 상승한 반면 기존 금융인프라는 낙후되어 있는 상황을 배경으로 급성장 ㅇ 중국은 주요 선진국에 비해 은행 인프라 및 신용카드 등 결제 인프라가 모두 미약 ￭ 중국은 10만명당 ATM수 79.4개, 은행 지점수 8.4개, 1인당 신용카드 보유수 0.3장(2015년 기준)으로 우리나라 및 일본에 비해 금융 인프	문서클래스 일치·전문 확인상 답 부재 (③수치검증 통과)
O	natua_table_lookup_finance-6799868	0.0359	table_lookup	2005년 주요 전자산업 수출품에서 높은 비중을 차지하는 LCD의 한국 시장점유율은 어떻게 돼	9.79	□ 권리보호요청은 매년 약 1,000건 정도 접수되며, 약 90% 정도의 시정률을 보이고 있음 (단위: 건)  [표 10] 권리보호요청 처리 현황 <table><tbody><tr><td rowspan="2">년도</td><td rowspan="2">처리대상</td><td colspan="3">처리 현황</td></tr><tr><td>계</td><td>시정<	문서클래스 일치·전문 확인상 답 부재 (③수치검증 통과)
O	natua_table_lookup_finance-6776951	0.0357	table_lookup	부산, 인천, 울산, 경기, 강원, 충남, 전북, 전남, 경북, 경남, 제주의 무인도 수는 모두 합해 얼마야	3,191	2005~13년중 우리나라 전자산업의 주요 수출품은 대세계 경쟁력이 개선되었으나 중국에 비해서는 개선폭이 작아 대중국 경쟁력 격차가 축소된 것으로 분석된다. 우리나라의 세계시장 점유율은 컴퓨터와 컴퓨터 부품을 제외하고는 모두 상승하였으며, 무역특화지수도 컴퓨터를 제외한 대부분의 제품에서 수출특화가 강화되거나 수출특화로 전환하였다.  〈표 9〉 전자산업 주력	문서클래스 일치·전문 확인상 답 부재 (③수치검증 통과)
X	natua_table_lookup_finance-7711769	0.0357	table_lookup	대구지방국세청에 제출된 이의신청 중 인용 및 기각 처리건의 총합은 어떻게 돼	169	제19조(관할구역 등) ①지방국세청의 관할구역은 별표 1과 같다. ②지방국세청장 소속하에 두는 세무서의 명칭ㆍ위치 및 관할구역은 별표 2와 같다. ③세무서의 등급구분은 별표 3과 같다. ④세무서장 소속하에 두는 지서의 명칭ㆍ위치 및 관할구역은 별표 4와 같다.  [별표 4] 지서의 명칭ㆍ위치 및 관할구역(제19조제4항관련) <table><tbody><tr>	중복 질문 — 대표 1건 유지
X	natua_yes_no_finance-7212473	0.0357	yes_no	지역에 따라 같은 산업이라도 여성 고용의 환경이 상이할까	Yes	□ 시사점 ◦ 우리나라도 싱가포르의 정책 사례를 참고하여 ① 스마트폰 애플리케이션을 활용한 서비스 도입 등 여객운송 산업에서 지금까지 나타난 변화에 대응하고 자율주행자동차의 등장 등 앞으로 다가올 더 큰 변화에 효과적으로 대응할 수 있도록 새로운 여객운송 정책 체계를 마련하고 ② 그 과정에서 정책 당사자의 소통과 협력을 통하여 정책 수립의 효율성 및 신뢰성	상식으로 답 가능
X	natua_yes_no_finance-6794145	0.0356	yes_no	물가안정을 지키고 통화정책을 실행하는 곳이 스위스국립은행일까	Yes	□ 시사점 ◦ 우리나라도 싱가포르의 정책 사례를 참고하여 ① 스마트폰 애플리케이션을 활용한 서비스 도입 등 여객운송 산업에서 지금까지 나타난 변화에 대응하고 자율주행자동차의 등장 등 앞으로 다가올 더 큰 변화에 효과적으로 대응할 수 있도록 새로운 여객운송 정책 체계를 마련하고 ② 그 과정에서 정책 당사자의 소통과 협력을 통하여 정책 수립의 효율성 및 신뢰성	상식으로 답 가능
O	natua_table_lookup_finance-7711749	0.0354	table_lookup	2013년 기준 권리보호요청이 승인되어 시정 처리된 건은 어느 정도지	1,053	우리나라는 모든 가공단계에서 세계시장 점유율이 상대적으로 하락하고 반제품을 제외하면 부품, 자본재 및 소비재에서 중국 대비 비교우위가 약화된 것으로 분석되었다. 특히 소비재의 경우 우리나라의 세계시장 점유율은 중국의 1/10, 자본재의 경우는 1/8에 불과하다(2013년 기준). 2005~13년중 현시비교우위지수의 변화를 보면, 반제품은 우리나라의 대중국 	문서클래스 일치·전문 확인상 답 부재 (③수치검증 통과)
O	natua_table_lookup_finance-6776950	0.0353	table_lookup	인천에 있는 170개의 섬 중에서 사람이 살고 있는 유인도는 몇 개야	41	다만 중국의 경우 기술을 선도하는 대기업이 휴대폰과 컴퓨터에 편중된 반면 우리나라는 반도체, 휴대폰, 디스플레이 등 다양한 분야에 퍼져있어 중국대비 강점을 가지고 있다.  〈표 12〉 전자산업내 국적별 대기업 현황 <table><tbody><tr><td>순위</td><td>기업</td><td>분야</td><td>국적</td></tr><tr><td>13</t	문서클래스 일치·전문 확인상 답 부재 (③수치검증 통과)
X	natua_yes_no_finance-7212415	0.0353	yes_no	비수도권과 수도권 사이에 임금 격차가 나타난 것은 고임금 직종일까	Yes	□ 시사점 ◦ 우리나라도 싱가포르의 정책 사례를 참고하여 ① 스마트폰 애플리케이션을 활용한 서비스 도입 등 여객운송 산업에서 지금까지 나타난 변화에 대응하고 자율주행자동차의 등장 등 앞으로 다가올 더 큰 변화에 효과적으로 대응할 수 있도록 새로운 여객운송 정책 체계를 마련하고 ② 그 과정에서 정책 당사자의 소통과 협력을 통하여 정책 수립의 효율성 및 신뢰성	분야 상이
O	natua_table_lookup_finance-6801397	0.0352	table_lookup	전자산업의 주력 수출품 중 LCD의 2005년 기준 시장점유율이 어떻게 돼	28.0	□ 심판청구 총 처리건수는 2013년 기준으로 7,314건이며 이 중 국세 인용률은 32.9%, 지방세 인용률은 8.5%로 국세가 높은 것으로 나타났음 (단위: 건, %)  [표 7] 조세심판원 심판청구 처리 현황 <table><tbody><tr><td rowspan="2">년도</td><td rowspan="2">전년이월</td><td rowspan="2	문서클래스 일치·전문 확인상 답 부재 (③수치검증 통과)
X	natua_yes_no_finance-7212468	0.0352	yes_no	독일 여성의 직장 복귀는 육아휴직기간이 늘어남에 따라 연기된 거지	Yes	금융위원회와 그 소속기관 직제 시행규칙 일부개정령(안) 입법예고 1. 개정이유 신용정보회사 등의 관리 강화를 위하여 필요한 인력 1명(5급 1명)을 증원하고, 인력 관리의 효율성을 높이기 위하여 금융위원회 인력 1명(기록연구사 1명)을 금융정보분석원으로 재배정하는 것으로「금융위원회와 그 소속기관 직제」(대통령령 제00000호, 2016. 00. 00. 공포	분야 상이
O	natua_table_lookup_finance-7167784	0.0351	table_lookup	충청북도를 담당하는 대전지방국세청 산하의 충북혁신지서가 관할하는 구역이 어디야	충청북도 음성군, 진천군	□ 권리보호요청은 다른 납세자 권익보호 제도보다 처리건수가 적은 편으로, 지방국세청 중에서는 서울지방국세청이 332건으로 가장 많으며, 대구지방국세청이 93건으로 가장 적은 것으로 나타남 (단위: 건)  [표 16] 2013년 중앙청･세무서별 권리보호요청 현황 <table><tbody><tr><td colspan="2" rowspan="2">구분</td><	문서클래스 일치·전문 확인상 답 부재 (③수치검증 통과)
X	natua_yes_no_finance-7718419	0.035	yes_no	경기도 지역의 이십 대 후반 청년층의 2013년도 고용률은 괜찮은 편일까	Yes	1. 제정 배경과 경과 (1) 제정 배경 □ 싱가포르에서는 지점 간 여객운송(택시+승차공유, point-to-point passenger transport)이 크게 변화하면서 이에 대응하기 위하여 새로운 규제 프레임워크를 도입할 필요성이 제기됨 ○ 과거(2013년 이전)에는 지점 간 여객운송이 28,000여대의 택시만으로 주로 이루어졌고 관련 사업도 택시운	분야 상이
O	natua_table_lookup_finance-6991862	0.0348	table_lookup	어느 정도의 돈이 15년에 착오송금된 후 반환되지 않았어	90,065	□ 권리보호요청은 매년 약 1,000건 정도 접수되며, 약 90% 정도의 시정률을 보이고 있음 (단위: 건)  [표 10] 권리보호요청 처리 현황 <table><tbody><tr><td rowspan="2">년도</td><td rowspan="2">처리대상</td><td colspan="3">처리 현황</td></tr><tr><td>계</td><td>시정<	문서클래스 일치·전문 확인상 답 부재 (③수치검증 통과)
X	natua_yes_no_finance-7212421	0.0348	yes_no	비수도권과 수도권의 정규직에서 아주 높았던 것은 3년 넘는 근속자의 비율일까	Yes	□ 제정 배경과 경과 ◦ 싱가포르에서는 기존의 택시 위주 규제 체계로는 승차공유의 등장과 스마트폰을 활용한 예약 서비스 도입 등 지점 간 여객운송(택시+승차공유)의 변화에 대응하기 어렵다는 점이 지적되면서 「지점 간 여객운송사업법 2019」를 제정하고 새로운 규제 프레임워크를 도입함 ◦ 해당 법률은 2019년 8월 싱가포르 국회를 통과하여 2020년 시행을	분야 상이
O	natua_table_lookup_finance-7711742	0.0343	table_lookup	2013년 기준으로 권리보호요청 처리대상 건수는 얼마로 집계됐지	1,103	한편 우리나라의 전자산업기술은 중국보다 2~3년 정도 앞선 것으로 평가되나 반도체설계 및 차세대 컴퓨터 분야에서는 기술격차가 크지 않은 상황이다.  〈표 11〉 우리나라 전자산업의 중국대비 기술우위 <table><tbody><tr><td></td><td>2008</td><td>2014</td><td>2008년 대비 2014 증감</td></tr><tr><t	문서클래스 일치·전문 확인상 답 부재 (③수치검증 통과)
X	natua_text_span_finance-6380176	0.0341	text_span	2014년에 상업영화를 외국으로 판매해서 번 돈은 얼마나 돼	664억원	(2) 국외 현충시설 관리현황 국외에 산재해 있는 독립운동 관련시설 및 한국전 참전시설에 대한 관리는 해당국가의 지방정부나 민간단체 등이 주관하며 우리의 국가보훈처 및 유관단체 등과의 협조를 통해 보존·관리하고 있다. 특히 중국, 러시아 등 광범위한 지역에 유적이 산재해 있는 국가의 경우에는 현지 유관기관 및 대학 등과 협약을 체결해서 위탁관리하고 있다. 	분야 상이
X	natua_table_lookup_finance-6801400	0.0341	table_lookup	우리나라 수출 가운데 2013년에 반도체의 점유율은 어느 정도야	8.4	□ 권리보호요청은 매년 약 1,000건 정도 접수되며, 약 90% 정도의 시정률을 보이고 있음 (단위: 건)  [표 10] 권리보호요청 처리 현황 <table><tbody><tr><td rowspan="2">년도</td><td rowspan="2">처리대상</td><td colspan="3">처리 현황</td></tr><tr><td>계</td><td>시정<	분야 상이
X	natua_numeric_reasoning_numeric-f4d40e8c-65e5-4b3b-a012-d818778fe2fb	0.0337	numeric_reasoning	8일 현대자동차는 무엇의 렌더링 이미지를 공개했는가?	올 뉴 아반떼 N라인	압타바이오가 상장 첫날 약세다. 12일 코스닥 시장에 상장한 압타바이오는 시초가를 5만200원에 형성하고 오전 9시8분 현재 이보다 6000원(11.95%) 떨어진 4만4200원에 거래되고 있다. 공모가(3만원)는 웃돈다. 압타바이오는 난치성 항암치료제 2종과 당뇨합병증 치료제 5종 등 7개의 신약 파이프라인을 보유한 바이오 기업이다.	분야 상이
X	natua_yes_no_finance-7212433	0.0336	yes_no	한국의 성장이 느려지기 시작한 시기가 1998년 외환위기부터야	Yes	□ 한국은행은 지난 3월 30일부터 약 한달간 일반 국민들과 소통의 폭을 넓혀 나가기 위하여 처음으로 ｢한국은행 스토리텔링｣을 공모하였음     ㅇ 공모내용은 한국은행과 관련한 미담이나 체험담을 600자 내외로 엮은 스토리임 □ 공모 결과 전국 각지에서 총 196명이 응모하였으며, 1차 심사에서 100편의 후보작을 뽑은 후 외부 심사위원이 포함된 2차 심사	상식으로 답 가능
X	natua_yes_no_finance-7046792	0.0336	yes_no	스위스국립은행은 통화정책을 이행할 때 경제성장도 생각해야 할까	Yes	□ 경기도 청년층의 경제활동참가율은 44.6%, 고용율은 41.3%로서 전국 평균(43.2%, 39.7%)보다는 다소 높은 수준임 ○ 2013년 현재 경기도 전체 경제활동인구는 6,172천명이며 고용률은 60.0%를 기록 – 30대에서 50대까지 중장년층의 고용률은 모두 70%를 상회하여 청년층 고용률과 큰 차이를 나타냄 ○ 청년층을 제외한 30대 이상이 	상식으로 답 가능
X	natua_yes_no_finance-7462587	0.0333	yes_no	비수도권과 수도권은 연령상승으로 인한 임금상승분이 비슷했을까	Yes	(3) 교육감의 임용권 견제 미비 교과부는 교장공모제를 확대 실시하여 교육감에 집중된 교장인사권을 단위학교로 분산하겠다고 발표하였다. 그러나 현제도는 인사권 분산에 있어 5, 6차 시범적용에 비해 큰 차이가 없다. 교육감이 교육청 심사위원회의 구성에 사실상 영향력을 행사할 수도 있다는 점에서 보면, 학운위 심사에서 상위 2인을 선정하여 추천하던 5차 시범적	분야 상이
O	natua_table_lookup_finance-7711728	0.0331	table_lookup	2013년에 제출된 지방세 관련 심사청구 중 처리가 진행 중인 건은 어느 정도지	41	한편 우리나라의 전자산업기술은 중국보다 2~3년 정도 앞선 것으로 평가되나 반도체설계 및 차세대 컴퓨터 분야에서는 기술격차가 크지 않은 상황이다.  〈표 11〉 우리나라 전자산업의 중국대비 기술우위 <table><tbody><tr><td></td><td>2008</td><td>2014</td><td>2008년 대비 2014 증감</td></tr><tr><t	문서클래스 일치·전문 확인상 답 부재 (③수치검증 통과)
X	natua_table_lookup_finance-7711695	0.0331	table_lookup	일종의 납세자 권익보호 제도인 이의신청의 처리건수가 2008년에 전부 얼마였지	5,053	한편 우리나라의 전자산업기술은 중국보다 2~3년 정도 앞선 것으로 평가되나 반도체설계 및 차세대 컴퓨터 분야에서는 기술격차가 크지 않은 상황이다.  〈표 11〉 우리나라 전자산업의 중국대비 기술우위 <table><tbody><tr><td></td><td>2008</td><td>2014</td><td>2008년 대비 2014 증감</td></tr><tr><t	중복 질문 — 대표 1건 유지
O	natua_table_lookup_finance-7711737	0.033	table_lookup	납세자 고충민원 처리 결과에서 2012년도에 감면된 세금의 금액은 얼마지	59,492	전자, 기계, 석유화학, 철강금속 등 4대 주력산업을 기준으로 우리나라의 대세계 경쟁력을 세계시장 점유율, 무역특화지수, 현시비교우위지수 등을 활용하여 평가해 본 결과, 2005년 대비 경쟁력이 개선된 것으로 나타났으나 중국보다는 개선폭이 작아 중국 대비 경쟁력 격차가 축소된 것으로 분석되었다. 우리나라의 세계시장 점유율은 전자, 기계 및 석유화학에서 소폭	문서클래스 일치·전문 확인상 답 부재 (③수치검증 통과)
O	natua_table_lookup_finance-7711784	0.0329	table_lookup	북광주세무서가 2013년도 귄리보호요청건에 대하여 처리를 한 건은 모두 몇 개지	13	한편 우리나라의 전자산업기술은 중국보다 2~3년 정도 앞선 것으로 평가되나 반도체설계 및 차세대 컴퓨터 분야에서는 기술격차가 크지 않은 상황이다.  〈표 11〉 우리나라 전자산업의 중국대비 기술우위 <table><tbody><tr><td></td><td>2008</td><td>2014</td><td>2008년 대비 2014 증감</td></tr><tr><t	문서클래스 일치·전문 확인상 답 부재 (③수치검증 통과)
X	natua_yes_no_finance-6822300	0.0329	yes_no	금융 감독당국은 금융을 안정시키는 역할을 수행해야 해	Yes	□ 소규모 사업자 외에 면허를 받아야 하는 사업자는 육상교통청에 통행 및 운전자 관련 자료를 제출하여 야 하며, 육상교통청은 위반행위나 안전사고에 관한 사업자의 보고 의무와 조치 방안 등을 포함한 사업자 준수규범을 마련할 수 있음 □ 육상교통청은 결함이 있거나 위험성이 있는 자동차 모델의 사용을 금지하는 등 필요한 경우 모든 사업자(면허가 불필요한 소규모 	상식으로 답 가능
O	natua_table_lookup_finance-7176569	0.0327	table_lookup	몇 만 원이 침수흔적표시를 무단으로 훼손한 사실이 2차로 적발됐을 때 내야 하는 과태료야	300	Ⅳ. 한중간 경쟁력 비교1. 개황중국은 세계의 주요 시장에서 빠른 속도로 시장점유율을 높여가고 있으나 우리나라의 점유율은 정체 상태를 보이는 등 시장점유율로 보았을 때 우리나라의 대중 경쟁력은 약화된 것으로 평가된다. 다만 제3국과 비교할 경우 제3국의 점유율이 떨어지고 있는 점에 비추어 여타국보다는 상대적으로 양호한 것으로 보인다. 2005~14년중 국가	문서클래스 일치·전문 확인상 답 부재 (③수치검증 통과)
X	natua_yes_no_finance-7021136	0.0326	yes_no	신용정보회사 관리 수준을 높이기 위해 늘리려는 사람 수는 1명이니	Yes	실제로 한국의 여성 노동 시장참여율은 선진국에 비해 낮은 수준으로 정책적 개입의 여지가 큰 것으로 사료된다. [그림1]에서 확인할 수 있듯이 2013년 15-64세 인구 중 여성의 경제활동참가율은 53.9%로 약 60~80%의 수준을 보이는 대부분 OECD 국가와의 차이가 크다. 또한 대한민국 합계출산율은 2013년에 가임기 여성의 1명당 1.19명으로 1	분야 상이
X	natua_text_span_finance-7450830	0.0324	text_span	스마트그리드 국가 로드맵을 결정한 사실을 산업통상자원부가 어느 날짜에 발표했어	2010년 1월 25일	산업자본의 금융지배는 금융 자원을 독점하는 문제도 일으킬 수 있다. 금융회사가 사금고화되어 산업자본의 자금 조달 창구 역할을 할 경우 이 금융회사에 기반을 둔 기업은 경쟁 업체에 비해 절대적인 경쟁력 우위를 확보할 수 있다. 이러한 문제는 경쟁 기업에 대한 여신이 의도적으로 제한되거나 부실 계열 기업에 대한 지원이 지속될 경우 더욱 심화된다. 또한 계열 기	분야 상이
O	natua_table_lookup_finance-7711725	0.0324	table_lookup	감사원에 제출된 국세 관련 심사청구건의 수는 2012년에 어느 정도였어	405	우리나라는 모든 가공단계에서 세계시장 점유율이 상대적으로 하락하고 반제품을 제외하면 부품, 자본재 및 소비재에서 중국 대비 비교우위가 약화된 것으로 분석되었다. 특히 소비재의 경우 우리나라의 세계시장 점유율은 중국의 1/10, 자본재의 경우는 1/8에 불과하다(2013년 기준). 2005~13년중 현시비교우위지수의 변화를 보면, 반제품은 우리나라의 대중국 	문서클래스 일치·전문 확인상 답 부재 (③수치검증 통과)
O	natua_text_span_finance-7810308	0.0322	text_span	이해관계를 어떤 방법으로 금융위 실무진과 금융위원장은 조정해왔어	수차례 경영진, 금융노조, 각 협회 노조 등과의 면담을 통해	□ 착오송금 피해자와 은행 창구직원들은 착오송금으로 인한 피해를 호소하고 대책 마련 필요성을 촉구 ㅇ 착오송금 피해자들은 그동안 겪었던 ‘심리적 불안’과 ‘금전적 피해’를 생생(生生)한 목소리로 전달 ㅇ 착오송금 업무를 맡고 있는 금융회사 담당자들은, - 그동안 고객들의 피해를 적극적으로 도와드리고 싶었지만, 마땅한 해결책이 없어 안타까웠던 경험들을 공유 	문서클래스 일치·전문 확인상 답 부재 (③수치검증 통과)
O	natua_table_lookup_finance-7711755	0.0321	table_lookup	2013년에 서울지방국세청에서 채택 처리된 과세전적부심사건은 어느 정도였지	333	우리나라는 모든 가공단계에서 세계시장 점유율이 상대적으로 하락하고 반제품을 제외하면 부품, 자본재 및 소비재에서 중국 대비 비교우위가 약화된 것으로 분석되었다. 특히 소비재의 경우 우리나라의 세계시장 점유율은 중국의 1/10, 자본재의 경우는 1/8에 불과하다(2013년 기준). 2005~13년중 현시비교우위지수의 변화를 보면, 반제품은 우리나라의 대중국 	문서클래스 일치·전문 확인상 답 부재 (③수치검증 통과)
X	natua_table_lookup_finance-6802559	0.0321	table_lookup	송금 및 결제 분야 5순위는 어떤 나라야	영국	한편 우리나라의 전자산업기술은 중국보다 2~3년 정도 앞선 것으로 평가되나 반도체설계 및 차세대 컴퓨터 분야에서는 기술격차가 크지 않은 상황이다.  〈표 11〉 우리나라 전자산업의 중국대비 기술우위 <table><tbody><tr><td></td><td>2008</td><td>2014</td><td>2008년 대비 2014 증감</td></tr><tr><t	중복 질문 — 대표 1건 유지
O	natua_table_lookup_finance-7711687	0.032	table_lookup	처리건이 증가한 2010년 과세전적부심사의 채택률은 얼마였어	34.5	2000년대 중반 이후 신흥국의 고기술제품 수출이 점차 늘어나고 이에 필요한 노동집약적 제품 및 저·중간기술 제품의 자급률도 상승하는 등 신흥국과 선진국간 기술격차 축소 등으로 글로벌 생산분업은 확장세가 둔화되고 있다.  〈표 2〉 세계교역의 기술수준별 비중 <table><tbody><tr><td></td><td>연도</td><td>노동집약적</td><td	문서클래스 일치·전문 확인상 답 부재 (③수치검증 통과)
O	natua_table_lookup_finance-7711785	0.0317	table_lookup	권리보호요청건으로 제출된 건 중 서울지방국세청이 취급해야 하는 건은 얼마나 돼	332	우리나라는 모든 가공단계에서 세계시장 점유율이 상대적으로 하락하고 반제품을 제외하면 부품, 자본재 및 소비재에서 중국 대비 비교우위가 약화된 것으로 분석되었다. 특히 소비재의 경우 우리나라의 세계시장 점유율은 중국의 1/10, 자본재의 경우는 1/8에 불과하다(2013년 기준). 2005~13년중 현시비교우위지수의 변화를 보면, 반제품은 우리나라의 대중국 	문서클래스 일치·전문 확인상 답 부재 (③수치검증 통과)
O	natua_table_lookup_finance-7711734	0.0317	table_lookup	2012년에는 납세자 고충민원 중에서 몇 건이 시정 처리되었지	4,883	한편 가공단계별로 보면, 중간재(부품과 반제품)의 경우는 우리나라의 대세계 경쟁력이 다소 강화되었다. 2005~13년중 반제품과 부품에서는 우리나라의 세계시장 점유율과 무역특화지수가 모두 상승한 반면 자본재 및 소비재에서는 모두 하락하였다.  〈표 7〉 가공단계별 시장점유율 변화 <table><tbody><tr><td></td><td>수출비중</td><td	문서클래스 일치·전문 확인상 답 부재 (③수치검증 통과)
X	natua_text_span_finance-6492869	0.0315	text_span	가계를 대상으로 한 재정지출액이 줄어들 계획이었던 건 언제부터야	2분기	대중문화예술산업발전법 시행령 일부개정령(안) 입법예고 1. 개정이유 ㅇ 대중문화예술기획업의 등록을 한 자가 등록 결격사유에 해당하는 경우 그 등록을 취소하도록 제재를 강화하는 등의 내용으로 대중문화예술산업발전법이 개정(‘19. 11. 26.)됨에 따라 행정처분의 기준 등을 개정하고자 함. 2. 주요내용 ㅇ 대중문화예술기획업의 등록을 한 자가 등록 결격사유에	분야 상이
X	natua_table_lookup_finance-6801355	0.0314	table_lookup	2005년 한국의 원재료는 현시비교우위가 어떻게 돼	0.03	□ 이의신청의 처리건수는 2008년 4,602건, 2012년 5,165건으로 지속적으로 증가추세를 보이다가 2013년(4,686건)에는 소폭 감소하는 모습을 보이고 있음 (단위: 건, %, 백만 원)  [표 5] 이의신청 처리 현황 <table><tbody><tr><td rowspan="2">년도</td><td rowspan="2">처리대상 건수</td><	중복 질문 — 대표 1건 유지
X	natua_text_span_finance-7450889	0.0313	text_span	발전사업자가 어디에 진출할지 결정할 때 전력설비 계획이 필요해	전력시장	방송통신위원회는 이동통신사업자와 디지털콘텐츠제공업자 간의 수익배분 행위에 대한 사후 규제를 위하여 「전기통신사업법」 제50조(금지행위)에 통신사업자가 디지털 콘텐츠를 제공하기 위한 거래에서 적정한 수익배분을 거부하거나 제한하는 행위에 대하여 규정하고 있다. 그러나 유선포털사업자와 콘텐츠제공업자 간의 관계에서 발생할 수 있는 불공정 행위에 대해서는 현행 법 	중복 질문 — 대표 1건 유지
X	natua_yes_no_finance-6477453	0.0308	yes_no	여러 가지의 실물과 금융통계들이 국민소득통계의 기초자료로써 활용됐어	Yes	□ 제정 배경과 경과 ◦ 싱가포르에서는 기존의 택시 위주 규제 체계로는 승차공유의 등장과 스마트폰을 활용한 예약 서비스 도입 등 지점 간 여객운송(택시+승차공유)의 변화에 대응하기 어렵다는 점이 지적되면서 「지점 간 여객운송사업법 2019」를 제정하고 새로운 규제 프레임워크를 도입함 ◦ 해당 법률은 2019년 8월 싱가포르 국회를 통과하여 2020년 시행을	분야 상이
X	natua_text_span_finance-7450885	0.0305	text_span	무엇을 개발해야 에너지 부하율을 높일 수 있지	최대부하 저감 기술	경찰공무원 승진임용 규정 시행규칙 일부개정령(안) 입법예고 1. 개정이유 자치경찰제 시행(’21. 1. 1.)으로 자치경찰사무 담당 경찰공무원에 대한 임용권이 시·도지사, 시·도자치경찰위원회, 시·도경찰청장에게 위임됨. 시·도지사, 시·도경찰청장이 표창을 수여할 경우 상점을 3점으로 규정하고 있으나, 시·도자치경찰위원회에 대해서는 규정되어 있지 않으므로, 	중복 질문 — 대표 1건 유지
O	natua_table_lookup_finance-6800151	0.0305	table_lookup	선진국의 중간기술 제품 수출은 2000년에 세계교역에서의 비율이 얼마야	40.3	□ 과세전적부심사 처리건수는 2009년과 2010년 각각 5,948건, 6,314건으로 확대된 이후 지속적으로 감소 추세임 (단위: 건, % 억 원)  [표 4] 과세전적부심사 처리 현황 <table><tbody><tr><td rowspan="2">년도</td><td rowspan="2">통지 건수</td><td rowspan="2">처리대상 건수</td>	문서클래스 일치·전문 확인상 답 부재 (③수치검증 통과)
O	natua_yes_no_finance-6794138	0.0305	yes_no	한국은행법은 제정 당시에 형태상 제2유형의 중앙은행법으로 분류되었니	Yes	□ 한국은행은 지난 3월 30일부터 약 한달간 일반 국민들과 소통의 폭을 넓혀 나가기 위하여 처음으로 ｢한국은행 스토리텔링｣을 공모하였음     ㅇ 공모내용은 한국은행과 관련한 미담이나 체험담을 600자 내외로 엮은 스토리임 □ 공모 결과 전국 각지에서 총 196명이 응모하였으며, 1차 심사에서 100편의 후보작을 뽑은 후 외부 심사위원이 포함된 2차 심사	문서클래스 일치·전문 확인상 답 부재 (③수치검증 통과)
X	natua_yes_no_finance-7476794	0.0305	yes_no	수도권이 비수도권에 비해 화이트칼라의 비율이 더 높지	Yes	(3) 교육감의 임용권 견제 미비 교과부는 교장공모제를 확대 실시하여 교육감에 집중된 교장인사권을 단위학교로 분산하겠다고 발표하였다. 그러나 현제도는 인사권 분산에 있어 5, 6차 시범적용에 비해 큰 차이가 없다. 교육감이 교육청 심사위원회의 구성에 사실상 영향력을 행사할 수도 있다는 점에서 보면, 학운위 심사에서 상위 2인을 선정하여 추천하던 5차 시범적	분야 상이
X	natua_text_span_finance-7450836	0.0304	text_span	전기 요금을 변화시켜 전력 소비량을 적절하게 조절하는 전략이 뭐야	수요반응	4. 향후 과제 (1) 영화 및 영화산업 정의의 확장 영화 부가시장의 패러다임 변화에 발맞추어 관련 법률의 ‘영화’ 및 ‘영화산업’의 정의에 대한 재검토가 필요하다. 현행 「영화 및 비디오물의 진흥에 관한 법률」의 ‘영화’의 정의는 영화의 온라인 유통 현상을 포섭하고 있지 않고, 유통 플랫폼을 영화상영관 등의 장소로 한정하고 있기 때문에, 이에 대한 보완이	분야 상이
X	natua_yes_no_finance-6822301	0.0304	yes_no	금융 안정화 기능을 금융 관리당국이 실행해야 해	Yes	(2) 대규모 PHCB사업자 면허 의무화 등 면허 체계 개편 □ 차량과 사업 종류에 따른 기존의 면허 체계를 제공하는 서비스에 따른 새로운 면허 체계로 개편하고, 기존에는 관련 면허 제도가 없어 면허 취득 의무가 없었던 PHCB사업자 중 플랫폼에 등록된 차량이 800대 이상인 대규모 PHCB사업자에게도 해당 영업면허 취득을 의무화함 ○ 기존에는 택시운영사업	중복 질문 — 대표 1건 유지
O	natua_table_lookup_finance-6800148	0.0303	table_lookup	2012년 선진국의 저기술 제품 수출 비율은 얼마야	10.0	□ 권리보호요청은 매년 약 1,000건 정도 접수되며, 약 90% 정도의 시정률을 보이고 있음 (단위: 건)  [표 10] 권리보호요청 처리 현황 <table><tbody><tr><td rowspan="2">년도</td><td rowspan="2">처리대상</td><td colspan="3">처리 현황</td></tr><tr><td>계</td><td>시정<	문서클래스 일치·전문 확인상 답 부재 (③수치검증 통과)
O	natua_text_span_finance-6383703	0.0302	text_span	도서지역 372군데에서 진행 중인 지원 사업 건수는 얼마지	1,317건	가맹사업 진흥에 관한 법률 시행령 일부개정령(안) 입법예고 1. 개정이유 가맹사업 진흥에 관한 법률이 개정됨에 따라 그 후속조치로 대통령령에서 정하고 있는 가맹사업 실태조사 주기를 법과 동일하게 2년으로 변경하고, 법에서 신설된 가맹사업 해외진출 지원 정보체계 구축과 관련해 법에서 대통령령으로 위임한 사항을 규정하고, 정보체계 구축운영에 관한 업무를 위탁할	문서클래스 일치·전문 확인상 답 부재 (③수치검증 통과)
X	natua_yes_no_finance-7212429	0.0301	yes_no	비수도권보다 수도권에서 비교적 높았던 것은 임금수준일까	Yes	(3) 교육감의 임용권 견제 미비 교과부는 교장공모제를 확대 실시하여 교육감에 집중된 교장인사권을 단위학교로 분산하겠다고 발표하였다. 그러나 현제도는 인사권 분산에 있어 5, 6차 시범적용에 비해 큰 차이가 없다. 교육감이 교육청 심사위원회의 구성에 사실상 영향력을 행사할 수도 있다는 점에서 보면, 학운위 심사에서 상위 2인을 선정하여 추천하던 5차 시범적	분야 상이
X	natua_text_span_finance-6492868	0.03	text_span	언제 실적을 공표한 업체의 86.5퍼센트가 예상치보다 실적이 웃돌았던 거야	21.2/4분기	온천법 일부개정법률(안) 입법예고 1. 개정이유 가. 출입검사의 목적으로 온천자원 보호, 온천의 적정관리 및 효과적인 이용을 명시 나. 온천법의 공동급수 및 과태료에 대해서 일몰해제 적용 다. 온천법이 인용하고 있는 법률의 제명과 인용하고 있는 용어가 해당 법률의 개정에 따라 변경된 인용 법률 제명을 반영 2. 주요내용 가. 출입검사의 목적으로 온천자원 보	분야 상이
X	natua_yes_no_finance-6794131	0.0298	yes_no	중국의 통화정책을 세우고 집행을 맡은 곳은 중국인민은행이야	Yes	(2) 당사자 간 지속적인 소통과 협력을 통한 정책 마련 □ 우리나라에서는 현재 당사자들이 첨예하게 대립하고 있고, 정책 당사자의 참여를 통한 지속적인 소통과 협력이 이루어지지 못해 효과적인 정책의 수립·집행이 제한되고 있음 □ 싱가포르의 경우 새로운 규제 프레임워크를 도입하는 과정에 정책 당사자인 운전자, 택시협회, 승차공유차량협회, 사업자, 일반 국민이	상식으로 답 가능
X	natua_text_span_finance-6817445	0.0295	text_span	증시의 투명성을 높이고 선전화시키려면 어떻게 해야 해	기업 지배권 시장을 활성화	2. 보고서 작성의 목적 □ 스마트그리드 사업 정의의 구체화 ○ 「지능형전력망법」에서 규정하고 있는 스마트그리드의 개념이 모호하여, 이에 대한 사업 평가 또는 사업에 대한 투자의 방향 설정에 어려움을 겪고 있음 - 우리나라와 마찬가지로 스마트그리드를 법률에서 규정하여 사업을 진행하고 있는 미국 입법례를 분석하여 스마트그리드의 정의를 보다 구체화시키고자 함 	분야 상이
X	natua_table_lookup_finance-6800146	0.0295	table_lookup	2000년에 선진국의 중간기술 제품 수출이 세계교역에서 차지하는 건 몇 퍼센트야	40.3	◆ 그 중 국세만을 기준으로 보면, 총 처리건수 5,006건 중 90일 이내 처리건수는 1,343건으로 약 27% 수준임 (단위: 건)  [표 20] 심판청구 세목별 기한 내 처리건수 <table><tbody><tr><td rowspan="2">연도</td><td rowspan="2">전체건수</td><td colspan="6">국세</td><td rows	중복 질문 — 대표 1건 유지
O	natua_table_lookup_finance-6801284	0.0293	table_lookup	가공단계 가운데 소비재는 수출에서 어느 정도의 비중을 차지해	11.4	□ 권리보호요청은 매년 약 1,000건 정도 접수되며, 약 90% 정도의 시정률을 보이고 있음 (단위: 건)  [표 10] 권리보호요청 처리 현황 <table><tbody><tr><td rowspan="2">년도</td><td rowspan="2">처리대상</td><td colspan="3">처리 현황</td></tr><tr><td>계</td><td>시정<	문서클래스 일치·전문 확인상 답 부재 (③수치검증 통과)
O	natua_table_lookup_finance-6800152	0.0291	table_lookup	1995년 신흥국의 노동집약적 제품은 얼마의 수출 비중을 차지해	28.7	□ 권리보호요청은 매년 약 1,000건 정도 접수되며, 약 90% 정도의 시정률을 보이고 있음 (단위: 건)  [표 10] 권리보호요청 처리 현황 <table><tbody><tr><td rowspan="2">년도</td><td rowspan="2">처리대상</td><td colspan="3">처리 현황</td></tr><tr><td>계</td><td>시정<	문서클래스 일치·전문 확인상 답 부재 (③수치검증 통과)
O	natua_table_lookup_finance-6776954	0.0288	table_lookup	도서지역 중 가장 큰 제주에 속한 섬들의 전체 면적은 얼마야	15,806,222	Ⅳ. 한중간 경쟁력 비교1. 개황중국은 세계의 주요 시장에서 빠른 속도로 시장점유율을 높여가고 있으나 우리나라의 점유율은 정체 상태를 보이는 등 시장점유율로 보았을 때 우리나라의 대중 경쟁력은 약화된 것으로 평가된다. 다만 제3국과 비교할 경우 제3국의 점유율이 떨어지고 있는 점에 비추어 여타국보다는 상대적으로 양호한 것으로 보인다. 2005~14년중 국가	문서클래스 일치·전문 확인상 답 부재 (③수치검증 통과)
X	natua_table_lookup_finance-6776949	0.0285	table_lookup	가장 큰 도서지역인 제주에 있는 섬들의 면적은 모두 얼마나 돼	15,806,222	2005~13년중 우리나라 전자산업의 주요 수출품은 대세계 경쟁력이 개선되었으나 중국에 비해서는 개선폭이 작아 대중국 경쟁력 격차가 축소된 것으로 분석된다. 우리나라의 세계시장 점유율은 컴퓨터와 컴퓨터 부품을 제외하고는 모두 상승하였으며, 무역특화지수도 컴퓨터를 제외한 대부분의 제품에서 수출특화가 강화되거나 수출특화로 전환하였다.  〈표 9〉 전자산업 주력	중복 질문 — 대표 1건 유지
O	natua_table_lookup_finance-6800996	0.0277	table_lookup	2014년 멕시코의 세계 수출시장 점유 비율은 얼마나 돼	2.3	□ 과세전적부심사 처리건수는 2009년과 2010년 각각 5,948건, 6,314건으로 확대된 이후 지속적으로 감소 추세임 (단위: 건, % 억 원)  [표 4] 과세전적부심사 처리 현황 <table><tbody><tr><td rowspan="2">년도</td><td rowspan="2">통지 건수</td><td rowspan="2">처리대상 건수</td>	문서클래스 일치·전문 확인상 답 부재 (③수치검증 통과)
X	natua_table_lookup_finance-6801001	0.0275	table_lookup	멕시코의 세계 수출시장 점유 비율은 2014년에 몇 퍼센트야	2.3	□ 과세전적부심사 처리건수는 2009년과 2010년 각각 5,948건, 6,314건으로 확대된 이후 지속적으로 감소 추세임 (단위: 건, % 억 원)  [표 4] 과세전적부심사 처리 현황 <table><tbody><tr><td rowspan="2">년도</td><td rowspan="2">통지 건수</td><td rowspan="2">처리대상 건수</td>	중복 질문 — 대표 1건 유지
X	natua_text_span_finance-7450838	0.0274	text_span	누가 스마트그리드는 ET와 IT가 융합된 형태라고 보고 있어	토마스 프리드만	(2) 출장형 센터에 편중된 이용 [표 2]의 스마트워크센터 이용 실적을 보면 각 센터별로 이용자 수와 이용률에 큰 차이를 보이고 있는 것으로 나타난다. 2014년 기준 이용률이 100%를 넘는 센터는 세종1청사, 서울청사, 서울역 센터로 나타나고 있는데 이들은 모두 출장형 센터라는 공통점이 있다. 과천청사 센터의 경우에도 전년 대비 이용률은 큰 폭으로 증	표면어/지시어 함정
X	natua_yes_no_finance-7212492	0.0273	yes_no	여성 근로자의 비율과 사업장의 크기는 성별 채용률의 격차 요소니	Yes	□ 소규모 사업자 외에 면허를 받아야 하는 사업자는 육상교통청에 통행 및 운전자 관련 자료를 제출하여 야 하며, 육상교통청은 위반행위나 안전사고에 관한 사업자의 보고 의무와 조치 방안 등을 포함한 사업자 준수규범을 마련할 수 있음 □ 육상교통청은 결함이 있거나 위험성이 있는 자동차 모델의 사용을 금지하는 등 필요한 경우 모든 사업자(면허가 불필요한 소규모 	분야 상이
O	natua_table_lookup_finance-7711717	0.027	table_lookup	지난해 이월된 건과 올해 접수된 건을 합한 2009년의 심판청구 처리대상건은 어떻게 돼	7,650	2000년대 중반 이후 신흥국의 고기술제품 수출이 점차 늘어나고 이에 필요한 노동집약적 제품 및 저·중간기술 제품의 자급률도 상승하는 등 신흥국과 선진국간 기술격차 축소 등으로 글로벌 생산분업은 확장세가 둔화되고 있다.  〈표 2〉 세계교역의 기술수준별 비중 <table><tbody><tr><td></td><td>연도</td><td>노동집약적</td><td	문서클래스 일치·전문 확인상 답 부재 (③수치검증 통과)
X	natua_yes_no_finance-7687134	0.027	yes_no	경력단절자 비율이 최저치인 지역은 제주니	Yes	(2) 2010년 확대실시 및 심사절차 교과부는 올해 9월 교장임용에서 768개교의 교장 결원 예정학교 가운데 56%인 436개교에서 초빙형 교장공모제를 실시하겠다고 발표하였다. 서울은 결원 학교수의 100%인 76개교에서 실시하였고, 인천은 약 67%, 그 밖의 지역은 약 50%에서 초빙형 교장공모제를 실시하였다. 교장공모 신청 결과 전국 평균경쟁률은 4	분야 상이
O	natua_numeric_reasoning_numeric-0b721653-e22f-4552-9b98-dbc9f62e0a9d	0.0269	numeric_reasoning	롯데하이마트와 씨에스윈드 중 목표주가가 더 높은 종목은 무엇인가?	롯데하이마트	게임기대주 크래프톤이 새해들어 주가 하락률 1위라는 불명예를 안았다. 크래프톤은 지난달 광주 대형 붕괴 사고를 낸 HDC현대산업개발보다 더 큰 하락폭을 보였다. 2일 한국거래소에 따르면 코스피에서 크래프톤 주가는 지난해 말 46만원에서 지난달 28일 27만4500원으로 새해들어 40.33%(18만5500원) 하락했다. 코스피 전 종목 가운데 지난 1월 하락	문서클래스 일치·전문 확인상 답 부재 (③수치검증 통과)
X	natua_yes_no_finance-7462588	0.0268	yes_no	연령상승에 따른 임금상승분은 비수도권과 수도권이 비슷했니	Yes	(3) 교육감의 임용권 견제 미비 교과부는 교장공모제를 확대 실시하여 교육감에 집중된 교장인사권을 단위학교로 분산하겠다고 발표하였다. 그러나 현제도는 인사권 분산에 있어 5, 6차 시범적용에 비해 큰 차이가 없다. 교육감이 교육청 심사위원회의 구성에 사실상 영향력을 행사할 수도 있다는 점에서 보면, 학운위 심사에서 상위 2인을 선정하여 추천하던 5차 시범적	중복 질문 — 대표 1건 유지
O	natua_table_lookup_finance-6776964	0.0265	table_lookup	하드웨어적 개발인 생활기반시설의 사업비에 얼마나 되는 국비가 포함되어 있어	290,186	다만 중국의 경우 기술을 선도하는 대기업이 휴대폰과 컴퓨터에 편중된 반면 우리나라는 반도체, 휴대폰, 디스플레이 등 다양한 분야에 퍼져있어 중국대비 강점을 가지고 있다.  〈표 12〉 전자산업내 국적별 대기업 현황 <table><tbody><tr><td>순위</td><td>기업</td><td>분야</td><td>국적</td></tr><tr><td>13</t	문서클래스 일치·전문 확인상 답 부재 (③수치검증 통과)
O	natua_table_lookup_finance-7176565	0.0264	table_lookup	침수흔적 등의 조사를 방해한 사실이 3회 이상 적발되면 과태료로 얼마를 내야 해	500	◆ 중국의 핀테크산업이 빠르게 성장하면서 금융산업의 혁신을 가속화할 것으로 기대되고 있으나 아직 은행부문의 비효율성, 주식 및 채권시장의 미성숙, 그림자금융 누증 등이 지속 가. 현 황 □ 핀테크산업 발전으로 인터넷은행, 제3자 모바일 결제, P2P 대출 등의 금융부문이 단기간에 전통적 금융서비스를 빠르게 대체 ㅇ 2017.6월말 기준 인터넷 사용자 7.5	문서클래스 일치·전문 확인상 답 부재 (③수치검증 통과)
O	natua_table_lookup_finance-7711729	0.0262	table_lookup	감사원에 제출된 국세 관련 심사청구건 중 2013년에 취하된 건의 수는 어떻게 돼	20	다만 중국의 경우 기술을 선도하는 대기업이 휴대폰과 컴퓨터에 편중된 반면 우리나라는 반도체, 휴대폰, 디스플레이 등 다양한 분야에 퍼져있어 중국대비 강점을 가지고 있다.  〈표 12〉 전자산업내 국적별 대기업 현황 <table><tbody><tr><td>순위</td><td>기업</td><td>분야</td><td>국적</td></tr><tr><td>13</t	문서클래스 일치·전문 확인상 답 부재 (③수치검증 통과)
O	natua_table_lookup_finance-6802555	0.026	table_lookup	송금 및 결제 관련 핀테크 도입지수 2순위 국가는 어디야	인도	제19조(관할구역 등) ①지방국세청의 관할구역은 별표 1과 같다. ②지방국세청장 소속하에 두는 세무서의 명칭ㆍ위치 및 관할구역은 별표 2와 같다. ③세무서의 등급구분은 별표 3과 같다. ④세무서장 소속하에 두는 지서의 명칭ㆍ위치 및 관할구역은 별표 4와 같다.  [별표 4] 지서의 명칭ㆍ위치 및 관할구역(제19조제4항관련) <table><tbody><tr>	문서클래스 일치·전문 확인상 답 부재 (③수치검증 통과)
X	natua_yes_no_finance-7212516	0.0251	yes_no	경기도의 청년층 경제활동참가율은 전국 평균 대비 높은 수준일까	Yes	(2) 영란은행법은 통화정책과 관련하여 영란은행의 목적은 물가안정 유지 및 정부의 경제정책 지원이라고 규정하면서 별도로 금융시스템의 안정성을 유지하고 제고하는데 기여하는 것이 영란은행의 목적이라고 명시하고 있다. 또한 금융안정 목적을 위하여 재무부 및 금융감독당국과 협력하여야 함을 규정하고 있다. 영란은행법 제2조A(금융안정목적) : (1) 영란은행의 목적	분야 상이
O	natua_table_lookup_finance-6802914	0.0249	table_lookup	한국에 ATM의 수는 인구 10만당 몇 대야	278.7	□ 감사원의 경우 2013년 기준 총 처리건수는 321건이며, 2012년 대비 총 접수건수는 증가하였으나, 처리건수는 감소하였으며 인용률 또한 전년대비 17%p 하락한 것으로 나타남 (단위: 건, %)  [표 8] 감사원 심사청구 처리 현황 <table><tbody><tr><td colspan="2" rowspan="2">구분</td><td rowspan=	문서클래스 일치·전문 확인상 답 부재 (③수치검증 통과)
O	natua_table_lookup_finance-6802911	0.0244	table_lookup	ATM은 일본에서 인구 10만당 몇 대나 있어	127.6	공사중단 원인은 부도(157곳), 자금 및 사업성 부족(180곳) 등 자금문제가 337곳으로 전체의 87%를 차지하고 있다. 예를 들면, 분양을 목적으로 착공하였으나 미분양 등으로 인해 대금회수가 어려워져 건축주가 건설사에 공사비를 지급하지 못함으로써 해당 공사가 중단되었다가, 이자 발생 등으로 채무금액이 증가하며 공사재개를 못하는 경우가 대표적이다.  [	문서클래스 일치·전문 확인상 답 부재 (③수치검증 통과)
X	natua_yes_no_finance-7212467	0.0244	yes_no	육아휴직기간이 늘어나면서 독일 여성의 직장 복귀가 늦어지게 된 거지	Yes	1. 제정 배경과 경과 (1) 제정 배경 □ 싱가포르에서는 지점 간 여객운송(택시+승차공유, point-to-point passenger transport)이 크게 변화하면서 이에 대응하기 위하여 새로운 규제 프레임워크를 도입할 필요성이 제기됨 ○ 과거(2013년 이전)에는 지점 간 여객운송이 28,000여대의 택시만으로 주로 이루어졌고 관련 사업도 택시운	중복 질문 — 대표 1건 유지
X	natua_table_lookup_finance-6991857	0.0242	table_lookup	15년에 착오송금이 미반환된 금액은 얼마나 돼	90,065	공사중단 원인은 부도(157곳), 자금 및 사업성 부족(180곳) 등 자금문제가 337곳으로 전체의 87%를 차지하고 있다. 예를 들면, 분양을 목적으로 착공하였으나 미분양 등으로 인해 대금회수가 어려워져 건축주가 건설사에 공사비를 지급하지 못함으로써 해당 공사가 중단되었다가, 이자 발생 등으로 채무금액이 증가하며 공사재개를 못하는 경우가 대표적이다.  [	중복 질문 — 대표 1건 유지
X	natua_numeric_reasoning_numeric-67fbdd0e-921d-4d5a-811a-e082353363ef	0.0241	numeric_reasoning	팔팔의 매출은 에소메졸보다 얼마나 많은가?	700000000원	이는 최근 심해진 구직난에 희망하는 연봉 수준보다 낮은 연봉을 받더라도 우선 입사해 경력을 쌓고, 이직 시 몸값을 올리는 것이 낫다고 판단하는 구직자들이 많기 때문인 것으로 풀이된다. 그렇다면, 구직자들이 꿈꾸는 '꿈의 연봉'은 얼마일까. 일생 중 연봉이 가장 많을 때를 기준으로, 받고 싶은 금액은 평균 9549만 원으로 조사됐다. 이 역시 남성(1억134	분야 상이
O	natua_table_lookup_finance-7176563	0.0233	table_lookup	법 제6조의2제1항을 3회 이상 위반한 경우 얼마의 과태료가 부과되지	500	공사중단 원인은 부도(157곳), 자금 및 사업성 부족(180곳) 등 자금문제가 337곳으로 전체의 87%를 차지하고 있다. 예를 들면, 분양을 목적으로 착공하였으나 미분양 등으로 인해 대금회수가 어려워져 건축주가 건설사에 공사비를 지급하지 못함으로써 해당 공사가 중단되었다가, 이자 발생 등으로 채무금액이 증가하며 공사재개를 못하는 경우가 대표적이다.  [	문서클래스 일치·전문 확인상 답 부재 (③수치검증 통과)
X	natua_table_lookup_finance-7711712	0.0227	table_lookup	전년이월건과 당해 접수건을 합산한 2009년 심판청구 처리대상 건수는 얼마지	7,650	한편 가공단계별로 보면, 중간재(부품과 반제품)의 경우는 우리나라의 대세계 경쟁력이 다소 강화되었다. 2005~13년중 반제품과 부품에서는 우리나라의 세계시장 점유율과 무역특화지수가 모두 상승한 반면 자본재 및 소비재에서는 모두 하락하였다.  〈표 7〉 가공단계별 시장점유율 변화 <table><tbody><tr><td></td><td>수출비중</td><td	중복 질문 — 대표 1건 유지
O	natua_table_lookup_finance-7711761	0.0226	table_lookup	북광주세무서에 접수된 이의신청 현황에 따르면 기각으로 처리된 건은 얼마나 돼	9	다만 중국의 경우 기술을 선도하는 대기업이 휴대폰과 컴퓨터에 편중된 반면 우리나라는 반도체, 휴대폰, 디스플레이 등 다양한 분야에 퍼져있어 중국대비 강점을 가지고 있다.  〈표 12〉 전자산업내 국적별 대기업 현황 <table><tbody><tr><td>순위</td><td>기업</td><td>분야</td><td>국적</td></tr><tr><td>13</t	문서클래스 일치·전문 확인상 답 부재 (③수치검증 통과)
X	natua_table_lookup_finance-6799948	0.0219	table_lookup	전자산업에서 173등인 엘지전자 기업의 국적은 어디야	한국	□ 권리보호요청은 다른 납세자 권익보호 제도보다 처리건수가 적은 편으로, 지방국세청 중에서는 서울지방국세청이 332건으로 가장 많으며, 대구지방국세청이 93건으로 가장 적은 것으로 나타남 (단위: 건)  [표 16] 2013년 중앙청･세무서별 권리보호요청 현황 <table><tbody><tr><td colspan="2" rowspan="2">구분</td><	상식으로 답 가능
X	natua_table_lookup_finance-7711780	0.0214	table_lookup	서울지방국세청에 권리보호요청건으로 접수되어 처리해야 할 대상은 몇 건이야	332	제19조(관할구역 등) ①지방국세청의 관할구역은 별표 1과 같다. ②지방국세청장 소속하에 두는 세무서의 명칭ㆍ위치 및 관할구역은 별표 2와 같다. ③세무서의 등급구분은 별표 3과 같다. ④세무서장 소속하에 두는 지서의 명칭ㆍ위치 및 관할구역은 별표 4와 같다.  [별표 4] 지서의 명칭ㆍ위치 및 관할구역(제19조제4항관련) <table><tbody><tr>	중복 질문 — 대표 1건 유지
O	natua_table_lookup_finance-6802563	0.0204	table_lookup	어느 곳이 보험 관련 핀테크산업 1순위인 거야	인도	다만 중국의 경우 기술을 선도하는 대기업이 휴대폰과 컴퓨터에 편중된 반면 우리나라는 반도체, 휴대폰, 디스플레이 등 다양한 분야에 퍼져있어 중국대비 강점을 가지고 있다.  〈표 12〉 전자산업내 국적별 대기업 현황 <table><tbody><tr><td>순위</td><td>기업</td><td>분야</td><td>국적</td></tr><tr><td>13</t	문서클래스 일치·전문 확인상 답 부재 (③수치검증 통과)
O	natua_table_lookup_finance-6802912	0.0202	table_lookup	한국의 신용카드 보유수는 1인당 몇 장이야	1.84	다만 중국의 경우 기술을 선도하는 대기업이 휴대폰과 컴퓨터에 편중된 반면 우리나라는 반도체, 휴대폰, 디스플레이 등 다양한 분야에 퍼져있어 중국대비 강점을 가지고 있다.  〈표 12〉 전자산업내 국적별 대기업 현황 <table><tbody><tr><td>순위</td><td>기업</td><td>분야</td><td>국적</td></tr><tr><td>13</t	문서클래스 일치·전문 확인상 답 부재 (③수치검증 통과)
X	natua_yes_no_finance-7688391	0.0199	yes_no	경기도의 인구성장률은 더 내려가게 될까	Yes	4. 개선방향 교장공모제는 교장인사제도의 개혁이자 학교자율화 정책의 핵심과제이다. 그러므로 앞에서 언급한 문제점을 보완하여 학교현장에 성공적으로 정착시키기 위한 노력이 필요하다. 이를 위한 개선방향을 제시하면 다음과 같다. (1) 단위학교의 선택권 강화 필요 교장공모제를 통하여 교장인사권의 분산을 도모한다면 제도 도입 여부 및 유형에 대한 선택권을 구성원들	분야 상이
X	natua_text_span_finance-6483843	0.0196	text_span	통안증권 RP금리는 어떻게 RFR로 최종 결정된 거야	시장참가자그룹(MPG; Market Participants Group, 26개 금융기관)의 투표로	2) 스마트그리드 확산사업 □ 스마트그리드 국가 로드맵 발표 이후 2011년 5월 「지능형전력망법」을 제정하였으며, 스마트그리드의 확산을 위하여 2014년에 스마트그리드 확산 사업을 발표함 ○ 2014년 4월 스마트그리드의 확산을 위하여 스마트그리드 기술 민간회사를 포함한 컨소시움을 구성하고 관련 사업을 발표함 ○ 한국전력공사의 전력재판매 사업 등 총 47	분야 상이
X	natua_table_lookup_finance-6799947	0.0181	table_lookup	231등인 Lenove 기업의 국적이 어떻게 돼	中國	□ 국세청 심사청구의 경우 2013년 기준 총 처리건수는 757건으로 2011년 이후 감소추세를 보이고 있음 (단위: 건, %)  [표 6] 국세청 심사청구 처리 현황 <table><tbody><tr><td rowspan="2">년도</td><td rowspan="2">처리 대상</td><td colspan="4">처리현황</td></tr><tr><td>계	상식으로 답 가능
X	natua_numeric_reasoning_numeric-568446ab-47f9-4b20-9962-80153a4c081f	0.0172	numeric_reasoning	롯대손해보험 빌딩의 지하 층 수는 지상층 수의 몇 %인가?	롯데손해보험 빌딩은 과거 대한화재해상보험 시절인 1980년 준공된 지하 4층~지상 21층 건물이다.	편의점 부동의 인기 상품인 수입맥주의 소비자 선호도가 국가별로 크게 변화하고 있다. 20일 편의점 CU가 최근 5년간 국가별 맥주 매출 비중 변화를 분석한 결과 전통적으로 강세를 보이던 일본 맥주의 입지가 흔들리고 중국 맥주가 급부상한 것으로 나타났다. 2014년에는 아사히의 인기에 힘입은 일본 맥주의 매출 비중이 전체 수입맥주 중 38.1%를 차지했지만 	중복 질문 — 대표 1건 유지
X	natua_numeric_reasoning_numeric-3259b29a-a9a9-4b2f-990a-fc8f05a598c0	0.0172	numeric_reasoning	롯대손해보험 빌딩의 지하 층 수는 지상층 수의 몇 %인가?	19.05%	편의점 부동의 인기 상품인 수입맥주의 소비자 선호도가 국가별로 크게 변화하고 있다. 20일 편의점 CU가 최근 5년간 국가별 맥주 매출 비중 변화를 분석한 결과 전통적으로 강세를 보이던 일본 맥주의 입지가 흔들리고 중국 맥주가 급부상한 것으로 나타났다. 2014년에는 아사히의 인기에 힘입은 일본 맥주의 매출 비중이 전체 수입맥주 중 38.1%를 차지했지만 	중복 질문 — 대표 1건 유지
